periodbin,radiusbin,COUNT,GAMMA_mean,GAMMA_OBS_mean,GAMMA_OBS_TRANS_mean,MONO_COUNT,MONO_GAMMA_mean,MONO_GAMMA_OBS_mean,MONO_GAMMA_OBS_TRANS_mean,DUO_COUNT,DUO_GAMMA_mean,DUO_GAMMA_OBS_mean,DUO_GAMMA_OBS_TRANS_mean,TRIO_COUNT,TRIO_GAMMA_mean,TRIO_GAMMA_OBS_mean,TRIO_GAMMA_OBS_TRANS_mean,MULTI_COUNT,MULTI_GAMMA_mean,MULTI_GAMMA_OBS_mean,MULTI_GAMMA_OBS_TRANS_mean,TSM_CUTOFF_COUNT,TSM_CUTOFF_GAMMA_mean,TSM_CUTOFF_GAMMA_OBS_mean,TSM_CUTOFF_GAMMA_OBS_TRANS_mean,THR_7-3_mean,THR_7-3_OBS_mean,THR_7-3_OBS_TRANS_mean,MONO_THR_7-3_mean,MONO_THR_7-3_OBS_mean,MONO_THR_7-3_OBS_TRANS_mean,DUO_THR_7-3_mean,DUO_THR_7-3_OBS_mean,DUO_THR_7-3_OBS_TRANS_mean,TRIO_THR_7-3_mean,TRIO_THR_7-3_OBS_mean,TRIO_THR_7-3_OBS_TRANS_mean,MULTI_THR_7-3_mean,MULTI_THR_7-3_OBS_mean,MULTI_THR_7-3_OBS_TRANS_mean,TSM_CUTOFF_THR_7-3_mean,TSM_CUTOFF_THR_7-3_OBS_mean,TSM_CUTOFF_THR_7-3_OBS_TRANS_mean,THR_20_mean,THR_20_OBS_mean,THR_20_OBS_TRANS_mean,MONO_THR_20_mean,MONO_THR_20_OBS_mean,MONO_THR_20_OBS_TRANS_mean,DUO_THR_20_mean,DUO_THR_20_OBS_mean,DUO_THR_20_OBS_TRANS_mean,TRIO_THR_20_mean,TRIO_THR_20_OBS_mean,TRIO_THR_20_OBS_TRANS_mean,MULTI_THR_20_mean,MULTI_THR_20_OBS_mean,MULTI_THR_20_OBS_TRANS_mean,TSM_CUTOFF_THR_20_mean,TSM_CUTOFF_THR_20_OBS_mean,TSM_CUTOFF_THR_20_OBS_TRANS_mean,SIM_COUNT
"(0.78, 1.56]","(0.5, 0.71]",8909,0.00032573084944264853,0.00032573084944264853,2.9771799639058074e-05,0.0,0.0,0.0,0.0,0.0,0.0,0.0,0.0,0.0,0.0,0.0,0.0,100.0,0.00032573084944264853,0.00032573084944264853,2.9771799639058074e-05,100.0,0.00032573084944264853,0.00032573084944264853,2.9771799639058074e-05,0.00022449208665394546,0.00022449208665394546,2.051857672017062e-05,0.0,0.0,0.0,0.0,0.0,0.0,0.0,0.0,0.0,0.00022449208665394546,0.00022449208665394546,2.051857672017062e-05,0.00022449208665394546,0.00022449208665394546,2.051857672017062e-05,0.0,0.0,0.0,0.0,0.0,0.0,0.0,0.0,0.0,0.0,0.0,0.0,0.0,0.0,0.0,0.0,0.0,0.0,100
"(0.78, 1.56]","(0.71, 1.0]",17872,0.01537677022321401,0.01537677022321401,0.0010466209468128194,0.0,0.0,0.0,0.0,0.0,0.0,0.0,0.0,0.0,0.0,0.0,0.0,500.0,0.01537677022321401,0.01537677022321401,0.0010466209468128194,500.0,0.01537677022321401,0.01537677022321401,0.0010466209468128194,0.019807520143240824,0.019807520143240824,0.0013557520143240812,0.0,0.0,0.0,0.0,0.0,0.0,0.0,0.0,0.0,0.019807520143240824,0.019807520143240824,0.0013557520143240812,0.019807520143240824,0.019807520143240824,0.0013557520143240812,0.0,0.0,0.0,0.0,0.0,0.0,0.0,0.0,0.0,0.0,0.0,0.0,0.0,0.0,0.0,0.0,0.0,0.0,500
"(0.78, 1.56]","(1.0, 1.41]",35634,0.004288267869186303,0.004288267869186303,0.00047596166610196634,0.0,0.0,0.0,0.0,0.0,0.0,0.0,0.0,0.0,0.0,0.0,0.0,1100.0,0.004288267869186303,0.004288267869186303,0.00047596166610196634,1100.0,0.004288267869186303,0.004288267869186303,0.00047596166610196634,0.007212213054947522,0.007212213054947522,0.0007830442835494186,0.0,0.0,0.0,0.0,0.0,0.0,0.0,0.0,0.0,0.007212213054947522,0.007212213054947522,0.0007830442835494186,0.007212213054947522,0.007212213054947522,0.0007830442835494186,0.0010944603468597406,0.0010944603468597406,0.00012509681764606842,0.0,0.0,0.0,0.0,0.0,0.0,0.0,0.0,0.0,0.0010944603468597406,0.0010944603468597406,0.00012509681764606842,0.0010944603468597406,0.0010944603468597406,0.00012509681764606842,1100
"(0.78, 1.56]","(1.41, 2.0]",26728,0.017616567189970837,0.017616567189970837,0.002413908213347155,0.0,0.0,0.0,0.0,0.0,0.0,0.0,0.0,0.0,0.0,0.0,0.0,2080.0,0.017616567189970837,0.017616567189970837,0.002413908213347155,1000.0,0.014074687709626648,0.014074687709626648,0.0012960364385890316,0.022074229272672843,0.022074229272672843,0.0028814351990422,0.0,0.0,0.0,0.0,0.0,0.0,0.0,0.0,0.0,0.022074229272672843,0.022074229272672843,0.0028814351990422,0.018332834480694404,0.018332834480694404,0.0017103786291529468,0.0074827895839569,0.0074827895839569,0.000645764741095479,0.0,0.0,0.0,0.0,0.0,0.0,0.0,0.0,0.0,0.0074827895839569,0.0074827895839569,0.000645764741095479,0.0074827895839569,0.0074827895839569,0.000645764741095479,2100
"(0.78, 1.56]","(2.0, 2.83]",17818,0.05202252147390812,0.05202252147390812,0.011584966990493868,0.0,0.0,0.0,0.0,0.0,0.0,0.0,0.0,0.0,0.0,0.0,0.0,3560.0,0.05202252147390812,0.05202252147390812,0.011584966990493868,1600.0,0.0432958623142523,0.0432958623142523,0.008536462665791982,0.07043439218767539,0.07043439218767539,0.01691602312268492,0.0,0.0,0.0,0.0,0.0,0.0,0.0,0.0,0.0,0.07043439218767539,0.07043439218767539,0.01691602312268492,0.04994948928050287,0.04994948928050287,0.009900774497698954,0.0222247165787406,0.0222247165787406,0.001976203838814682,0.0,0.0,0.0,0.0,0.0,0.0,0.0,0.0,0.0,0.0222247165787406,0.0222247165787406,0.001976203838814682,0.0222247165787406,0.0222247165787406,0.001976203838814682,3600
"(0.78, 1.56]","(2.83, 4.0]",9075,0.14190026663433813,0.14190026663433813,0.04044786647724011,0.0,0.0,0.0,0.0,0.0,0.0,0.0,0.0,0.0,0.0,0.0,0.0,4740.0,0.14190026663433813,0.14190026663433813,0.04044786647724011,1100.0,0.09112193848525674,0.09112193848525674,0.023554695107329392,0.181267217630854,0.181267217630854,0.051920187327823705,0.0,0.0,0.0,0.0,0.0,0.0,0.0,0.0,0.0,0.181267217630854,0.181267217630854,0.051920187327823705,0.10743801652892562,0.10743801652892562,0.027618732782369138,0.03713498622589531,0.03713498622589531,0.007506887052341601,0.0,0.0,0.0,0.0,0.0,0.0,0.0,0.0,0.0,0.03713498622589531,0.03713498622589531,0.007506887052341601,0.03713498622589531,0.03713498622589531,0.007506887052341601,4800
"(0.78, 1.56]","(4.0, 5.66]",6173,0.28696924431881177,0.28696924431881177,0.08743221720724369,0.0,0.0,0.0,0.0,0.0,0.0,0.0,0.0,0.0,0.0,0.0,0.0,4560.0,0.28696924431881177,0.28696924431881177,0.08743221720724369,900.0,0.12761485952200596,0.12761485952200596,0.02603735472821838,0.3883039040984934,0.3883039040984934,0.1222278794751336,0.0,0.0,0.0,0.0,0.0,0.0,0.0,0.0,0.0,0.3883039040984934,0.3883039040984934,0.1222278794751336,0.14417625141746315,0.14417625141746315,0.02950672282520652,0.11015713591446623,0.11015713591446623,0.020648112749068505,0.0,0.0,0.0,0.0,0.0,0.0,0.0,0.0,0.0,0.11015713591446623,0.11015713591446623,0.020648112749068505,0.10189535072088125,0.10189535072088125,0.01774582860845616,4600
"(0.78, 1.56]","(5.66, 8.0]",6890,0.47476935735867,0.47476935735867,0.17800598073716647,0.0,0.0,0.0,0.0,0.0,0.0,0.0,0.0,0.0,0.0,0.0,0.0,4960.0,0.47476935735867,0.47476935735867,0.17800598073716647,2100.0,0.25632428951763936,0.25632428951763936,0.0952867091803381,0.5757619738751815,0.5757619738751815,0.21907613933236575,0.0,0.0,0.0,0.0,0.0,0.0,0.0,0.0,0.0,0.5757619738751815,0.5757619738751815,0.21907613933236575,0.28592162554426703,0.28592162554426703,0.10618577648766327,0.24281567489114667,0.24281567489114667,0.08779094339622638,0.0,0.0,0.0,0.0,0.0,0.0,0.0,0.0,0.0,0.24281567489114667,0.24281567489114667,0.08779094339622638,0.2076923076923077,0.2076923076923077,0.07384759071117557,5000
"(0.78, 1.56]","(8.0, 11.31]",8491,0.5843505468469422,0.5843505468469422,0.22901084493308718,0.0,0.0,0.0,0.0,0.0,0.0,0.0,0.0,0.0,0.0,0.0,0.0,6190.0,0.5843505468469422,0.5843505468469422,0.22901084493308718,3400.0,0.3559252022927916,0.3559252022927916,0.1320046455498855,0.6809563066776587,0.6809563066776587,0.27037178188670363,0.0,0.0,0.0,0.0,0.0,0.0,0.0,0.0,0.0,0.6809563066776587,0.6809563066776587,0.27037178188670363,0.4004239783299965,0.4004239783299965,0.1493557884819221,0.43987751737133435,0.43987751737133435,0.16377894240961016,0.0,0.0,0.0,0.0,0.0,0.0,0.0,0.0,0.0,0.43987751737133435,0.43987751737133435,0.16377894240961016,0.35508185137204096,0.35508185137204096,0.1300708043811094,6200
"(0.78, 1.56]","(11.31, 16.0]",19798,0.7871471356097516,0.7871471356097516,0.3080337595233024,0.0,0.0,0.0,0.0,0.0,0.0,0.0,0.0,0.0,0.0,0.0,0.0,18440.0,0.7871471356097516,0.7871471356097516,0.3080337595233024,14000.0,0.6271607508134832,0.6271607508134832,0.2329071334504646,0.8934740882917467,0.8934740882917467,0.35056604707546213,0.0,0.0,0.0,0.0,0.0,0.0,0.0,0.0,0.0,0.8934740882917467,0.8934740882917467,0.35056604707546213,0.7033538741286999,0.7033538741286999,0.2611955500555612,0.7755328821093039,0.7755328821093039,0.29494537832104273,0.0,0.0,0.0,0.0,0.0,0.0,0.0,0.0,0.0,0.7755328821093039,0.7755328821093039,0.29494537832104273,0.6712294171128397,0.6712294171128397,0.24728395797555316,18500
"(1.56, 3.13]","(0.5, 0.71]",26728,0.0,0.0,0.0,0.0,0.0,0.0,0.0,0.0,0.0,0.0,0.0,0.0,0.0,0.0,0.0,0.0,0.0,0.0,0.0,0.0,0.0,0.0,0.0,0.0,0.0,0.0,0.0,0.0,0.0,0.0,0.0,0.0,0.0,0.0,0.0,0.0,0.0,0.0,0.0,0.0,0.0,0.0,0.0,0.0,0.0,0.0,0.0,0.0,0.0,0.0,0.0,0.0,0.0,0.0,0.0,0.0,0.0,0.0,0.0,0
"(1.56, 3.13]","(0.71, 1.0]",71267,0.006478243166469417,0.006478243166469417,0.0003339789962249401,0.0,0.0,0.0,0.0,0.0,0.0,0.0,0.0,0.0,0.0,0.0,0.0,1200.0,0.006478243166469417,0.006478243166469417,0.0003339789962249401,1200.0,0.006478243166469417,0.006478243166469417,0.0003339789962249401,0.00888209129049911,0.00888209129049911,0.0004916890005191745,0.0,0.0,0.0,0.0,0.0,0.0,0.0,0.0,0.0,0.00888209129049911,0.00888209129049911,0.0004916890005191745,0.00888209129049911,0.00888209129049911,0.0004916890005191745,0.0015996183366775649,0.0015996183366775649,7.206140289334477e-05,0.0,0.0,0.0,0.0,0.0,0.0,0.0,0.0,0.0,0.0015996183366775649,0.0015996183366775649,7.206140289334477e-05,0.0015996183366775649,0.0015996183366775649,7.206140289334477e-05,1200
"(1.56, 3.13]","(1.0, 1.41]",222716,0.005343475833218622,0.005343475833218622,0.0003654336965655895,0.0,0.0,0.0,0.0,0.0,0.0,0.0,0.0,0.0,0.0,0.0,0.0,5500.0,0.005343475833218622,0.005343475833218622,0.0003654336965655895,4400.0,0.005194916474116217,0.005194916474116217,0.0003300027874452577,0.006999946119721978,0.006999946119721978,0.000504597783724564,0.0,0.0,0.0,0.0,0.0,0.0,0.0,0.0,0.0,0.006999946119721978,0.006999946119721978,0.000504597783724564,0.006730544729610804,0.006730544729610804,0.0004374090770308376,0.0013649670432299434,0.0013649670432299434,7.541802115698918e-05,0.0,0.0,0.0,0.0,0.0,0.0,0.0,0.0,0.0,0.0013649670432299434,0.0013649670432299434,7.541802115698918e-05,0.0013649670432299434,0.0013649670432299434,7.541802115698918e-05,5500
"(1.56, 3.13]","(1.41, 2.0]",124721,0.01800548307164329,0.01800548307164329,0.001603259557211279,0.0,0.0,0.0,0.0,0.0,0.0,0.0,0.0,0.0,0.0,0.0,0.0,9890.0,0.01800548307164329,0.01800548307164329,0.001603259557211279,6000.0,0.015119597156391456,0.015119597156391456,0.0009870099543904714,0.025994018649625965,0.025994018649625965,0.0023066917359546514,0.0,0.0,0.0,0.0,0.0,0.0,0.0,0.0,0.0,0.025994018649625965,0.025994018649625965,0.0023066917359546514,0.021479943233296717,0.021479943233296717,0.001363371845960183,0.004473985936610514,0.004473985936610514,0.00023890844364621842,0.0,0.0,0.0,0.0,0.0,0.0,0.0,0.0,0.0,0.004473985936610514,0.004473985936610514,0.00023890844364621842,0.004473985936610514,0.004473985936610514,0.00023890844364621842,9900
"(1.56, 3.13]","(2.0, 2.83]",35642,0.054698516467377424,0.054698516467377424,0.005494337232719782,0.0,0.0,0.0,0.0,0.0,0.0,0.0,0.0,0.0,0.0,0.0,0.0,6590.0,0.054698516467377424,0.054698516467377424,0.005494337232719782,2600.0,0.04290615697082064,0.04290615697082064,0.002851341184023641,0.07370517928286853,0.07370517928286853,0.008007499579148198,0.0,0.0,0.0,0.0,0.0,0.0,0.0,0.0,0.0,0.07370517928286853,0.07370517928286853,0.008007499579148198,0.05471073452668201,0.05471073452668201,0.003737921553223725,0.02387632568318276,0.02387632568318276,0.0013331434824083944,0.0,0.0,0.0,0.0,0.0,0.0,0.0,0.0,0.0,0.02387632568318276,0.02387632568318276,0.0013331434824083944,0.02387632568318276,0.02387632568318276,0.0013331434824083944,6600
"(1.56, 3.13]","(2.83, 4.0]",26744,0.10924242575252777,0.10924242575252777,0.0176366353310371,0.0,0.0,0.0,0.0,0.0,0.0,0.0,0.0,0.0,0.0,0.0,0.0,11980.0,0.10924242575252777,0.10924242575252777,0.0176366353310371,2500.0,0.06888678148277982,0.06888678148277982,0.008033074932312199,0.14519144481005086,0.14519144481005086,0.02460050104696381,0.0,0.0,0.0,0.0,0.0,0.0,0.0,0.0,0.0,0.14519144481005086,0.14519144481005086,0.02460050104696381,0.08297188154352378,0.08297188154352378,0.009676304965599762,0.045505533951540535,0.045505533951540535,0.0045527707149267144,0.0,0.0,0.0,0.0,0.0,0.0,0.0,0.0,0.0,0.045505533951540535,0.045505533951540535,0.0045527707149267144,0.045505533951540535,0.045505533951540535,0.0045527707149267144,12000
"(1.56, 3.13]","(4.0, 5.66]",17028,0.18324490726658832,0.18324490726658832,0.04004331313436382,0.0,0.0,0.0,0.0,0.0,0.0,0.0,0.0,0.0,0.0,0.0,0.0,10290.0,0.18324490726658832,0.18324490726658832,0.04004331313436382,1900.0,0.07522119337726281,0.07522119337726281,0.014647656011147103,0.264446793516561,0.264446793516561,0.05830883251115809,0.0,0.0,0.0,0.0,0.0,0.0,0.0,0.0,0.0,0.264446793516561,0.264446793516561,0.05830883251115809,0.08891237961005403,0.08891237961005403,0.017501961475217296,0.06007751937984497,0.06007751937984497,0.011086087620389946,0.0,0.0,0.0,0.0,0.0,0.0,0.0,0.0,0.0,0.06007751937984497,0.06007751937984497,0.011086087620389946,0.05162085976039464,0.05162085976039464,0.00946815245478036,10300
"(1.56, 3.13]","(5.66, 8.0]",20736,0.49998245717092415,0.49998245717092415,0.10860369760689753,0.0,0.0,0.0,0.0,0.0,0.0,0.0,0.0,0.0,0.0,0.0,0.0,18880.0,0.49998245717092415,0.49998245717092415,0.10860369760689753,5400.0,0.21973697973071543,0.21973697973071543,0.039172334656111744,0.6348379629629629,0.6348379629629629,0.1406996383101852,0.0,0.0,0.0,0.0,0.0,0.0,0.0,0.0,0.0,0.6348379629629629,0.6348379629629629,0.1406996383101852,0.2515432098765432,0.2515432098765432,0.04502445023148148,0.269386574074074,0.269386574074074,0.05142421392746913,0.0,0.0,0.0,0.0,0.0,0.0,0.0,0.0,0.0,0.269386574074074,0.269386574074074,0.05142421392746913,0.20963541666666666,0.20963541666666666,0.03675462962962962,18900
"(1.56, 3.13]","(8.0, 11.31]",26374,0.631570486000638,0.631570486000638,0.1494713396504633,0.0,0.0,0.0,0.0,0.0,0.0,0.0,0.0,0.0,0.0,0.0,0.0,25380.0,0.631570486000638,0.631570486000638,0.1494713396504633,10300.0,0.33110344725830687,0.33110344725830687,0.07102460200203543,0.7641616743762797,0.7641616743762797,0.18226224690983547,0.0,0.0,0.0,0.0,0.0,0.0,0.0,0.0,0.0,0.7641616743762797,0.7641616743762797,0.18226224690983547,0.37461135967240466,0.37461135967240466,0.08032551376355501,0.42420565708652463,0.42420565708652463,0.09473962614696292,0.0,0.0,0.0,0.0,0.0,0.0,0.0,0.0,0.0,0.42420565708652463,0.42420565708652463,0.09473962614696292,0.3340411010844013,0.3340411010844013,0.07180538029877911,25400
"(1.56, 3.13]","(11.31, 16.0]",56001,0.7912526274336613,0.7912526274336613,0.19664094828314832,0.0,0.0,0.0,0.0,0.0,0.0,0.0,0.0,0.0,0.0,0.0,0.0,54780.0,0.7912526274336613,0.7912526274336613,0.19664094828314832,33200.0,0.5090197036251309,0.5090197036251309,0.11570703574136397,0.9211264084569918,0.9211264084569918,0.2303726201317833,0.0,0.0,0.0,0.0,0.0,0.0,0.0,0.0,0.0,0.9211264084569918,0.9211264084569918,0.2303726201317833,0.5800253566900592,0.5800253566900592,0.13207862002464238,0.6898983946715236,0.6898983946715236,0.16286578453956177,0.0,0.0,0.0,0.0,0.0,0.0,0.0,0.0,0.0,0.6898983946715236,0.6898983946715236,0.16286578453956177,0.5315083659220371,0.5315083659220371,0.1189825878109319,54800
"(3.13, 6.25]","(0.5, 0.71]",97995,6.633607546342824e-16,6.633607546342824e-16,2.0696855544589607e-17,0.0,0.0,0.0,0.0,0.0,0.0,0.0,0.0,0.0,0.0,0.0,0.0,100.0,6.633607546342824e-16,6.633607546342824e-16,2.0696855544589607e-17,100.0,6.633607546342824e-16,6.633607546342824e-16,2.0696855544589607e-17,0.0,0.0,0.0,0.0,0.0,0.0,0.0,0.0,0.0,0.0,0.0,0.0,0.0,0.0,0.0,0.0,0.0,0.0,0.0,0.0,0.0,0.0,0.0,0.0,0.0,0.0,0.0,0.0,0.0,0.0,0.0,0.0,0.0,0.0,0.0,0.0,100
"(3.13, 6.25]","(0.71, 1.0]",240534,0.0013551077035877381,0.0013551077035877381,4.6843488490856955e-05,0.0,0.0,0.0,0.0,35.0,2.409027193555726e-05,2.409027193555726e-05,7.347532940344954e-07,166.0,6.827221131755124e-05,6.827221131755124e-05,2.0823025393103316e-06,2199.0,0.0012627452203346297,0.0012627452203346297,4.402643265751215e-05,2400.0,0.0013551077035877381,0.0013551077035877381,4.6843488490856955e-05,0.0017710593928509067,0.0017710593928509067,5.9890909393266614e-05,0.0,0.0,0.0,6.236124622714457e-05,6.236124622714457e-05,1.9020180099279095e-06,0.00011225024320886025,0.00011225024320886025,3.423632417870236e-06,0.0015964479034149019,0.0015964479034149019,5.456525896546846e-05,0.0017710593928509067,0.0017710593928509067,5.9890909393266614e-05,0.0002078708207571487,0.0002078708207571487,8.356406994437378e-06,0.0,0.0,0.0,0.0,0.0,0.0,0.0,0.0,0.0,0.0002078708207571487,0.0002078708207571487,8.356406994437378e-06,0.0002078708207571487,0.0002078708207571487,8.356406994437378e-06,2400
"(3.13, 6.25]","(1.0, 1.41]",766141,0.0038762225197181105,0.0038762225197181105,0.0001392721562684862,0.0,0.0,0.0,0.0,280.0,3.425502941519841e-06,3.425502941519841e-06,1.0040868475286196e-07,1711.0,9.954410605528034e-05,9.954410605528034e-05,2.978458594528274e-06,18709.0,0.0037732529107213112,0.0037732529107213112,0.00013619328898920507,18000.0,0.003824877623970887,0.003824877623970887,0.00013077618936050003,0.00568563750014684,0.00568563750014684,0.0002118253689594997,0.0,0.0,0.0,5.220971074515003e-06,5.220971074515003e-06,1.5349654959074118e-07,0.0002166702995923727,0.0002166702995923727,6.405609411322459e-06,0.005463746229479952,0.005463746229479952,0.00020526626299858654,0.005575997107582025,0.005575997107582025,0.0001925176958288358,0.0005090446797652129,0.0005090446797652129,1.673164600249824e-05,0.0,0.0,0.0,0.0,0.0,0.0,0.0,0.0,0.0,0.0005090446797652129,0.0005090446797652129,1.673164600249824e-05,0.0005090446797652129,0.0005090446797652129,1.673164600249824e-05,20700
"(3.13, 6.25]","(1.41, 2.0]",481065,0.012045017519067138,0.012045017519067138,0.0006149304771906028,0.0,0.0,0.0,0.0,310.0,4.903204550251426e-05,4.903204550251426e-05,1.3612276253639272e-06,2192.0,0.0003092179197720992,0.0003092179197720992,8.512638293765837e-06,33398.0,0.011686767553792523,0.011686767553792523,0.0006050566112714731,21800.0,0.010697378075611205,0.010697378075611205,0.00044735818303522404,0.01747996632471703,0.01747996632471703,0.00089761113363059,0.0,0.0,0.0,9.354245268310937e-05,9.354245268310937e-05,2.585929136395288e-06,0.0005674908796108633,0.0005674908796108633,1.6016130876284908e-05,0.016818932992423066,0.016818932992423066,0.0008790090736179101,0.015166349661688127,0.015166349661688127,0.0006129911758286298,0.002712731127810171,0.002712731127810171,0.00011574693648467469,0.0,0.0,0.0,0.0,0.0,0.0,4.781058692692255e-05,4.781058692692255e-05,1.2717616122561406e-06,0.0026649205408832482,0.0026649205408832482,0.00011447517487241855,0.0025505908764927817,0.0025505908764927817,9.99544760063609e-05,35900
"(3.13, 6.25]","(2.0, 2.83]",356344,0.0296311170612208,0.0296311170612208,0.001991992156035186,1.0,2.550989552474461e-16,2.550989552474461e-16,2.892822152506038e-17,727.0,8.948312178886897e-05,8.948312178886897e-05,2.805384084190674e-06,5585.0,0.0007367186207720478,0.0007367186207720478,3.33873320201993e-05,61987.0,0.028804915318659637,0.028804915318659637,0.001955799439930766,24200.0,0.022340861416985755,0.022340861416985755,0.0010050711945276685,0.04316615405338661,0.04316615405338661,0.003105852771479245,0.0,0.0,0.0,0.00017118290191500354,0.00017118290191500354,5.029409783804411e-06,0.0013582381069977326,0.0013582381069977326,7.095278719439643e-05,0.041636733044473885,0.041636733044473885,0.0030298705745010444,0.030512650697079233,0.030512650697079233,0.001389314538760299,0.008968861549513953,0.008968861549513953,0.00040330467189008393,0.0,0.0,0.0,0.0,0.0,0.0,9.541342073951012e-05,9.541342073951012e-05,3.4219742720517248e-06,0.008873448128774442,0.008873448128774442,0.00039988269761803225,0.008808903755921244,0.008808903755921244,0.00038521821610578544,68300
"(3.13, 6.25]","(2.83, 4.0]",169568,0.07055188909841054,0.07055188909841054,0.007321045443326118,0.0,0.0,0.0,0.0,575.0,8.542371002845014e-05,8.542371002845014e-05,1.1165214006688595e-05,6409.0,0.0014221166743115785,0.0014221166743115785,0.0001288230694502153,66306.0,0.06904434871407052,0.06904434871407052,0.007181057159869212,12700.0,0.038370411564565374,0.038370411564565374,0.0026848386072920714,0.10177627854312134,0.10177627854312134,0.01080999775901113,0.0,0.0,0.0,0.00014153613889413097,0.00014153613889413097,1.8512926967352322e-05,0.0032553311945650114,0.0032553311945650114,0.0003245647763729005,0.0983794112096622,0.0983794112096622,0.01046692005567088,0.05016866389884884,0.05016866389884884,0.0034605904415927545,0.02629033779958484,0.02629033779958484,0.00201925422249481,0.0,0.0,0.0,0.0,0.0,0.0,0.000589733912058879,0.000589733912058879,2.851658331760709e-05,0.025700603887525948,0.025700603887525948,0.0019907376391772027,0.023247310813361018,0.023247310813361018,0.001555758751651255,73300
"(3.13, 6.25]","(4.0, 5.66]",116030,0.1621273603933243,0.1621273603933243,0.019936503694924897,3.0,6.02503915860478e-25,6.02503915860478e-25,6.187715215887109e-26,887.0,0.00034758947136361777,0.00034758947136361777,2.4935240209688167e-05,7413.0,0.005735585638967047,0.005735585638967047,0.0006222526972839247,77597.0,0.15604418528299357,0.15604418528299357,0.019289315757431286,11000.0,0.06720423075516493,0.06720423075516493,0.006214955674672273,0.23459450142204602,0.23459450142204602,0.0293753167284323,0.0,0.0,0.0,0.0006463845557183486,0.0006463845557183486,5.069637162802723e-05,0.010255968284064465,0.010255968284064465,0.0011386899939670777,0.22369214858226322,0.22369214858226322,0.02818593036283719,0.08413341377230027,0.08413341377230027,0.007666958545203827,0.06467292941480651,0.06467292941480651,0.0063504007584245445,0.0,0.0,0.0,0.00035335689045936394,0.00035335689045936394,1.5957080065500304e-05,0.002361458243557701,0.002361458243557701,0.00019062656209600955,0.061958114280789435,0.061958114280789435,0.006143817116263033,0.05355511505645092,0.05355511505645092,0.00479954666896492,85900
"(3.13, 6.25]","(5.66, 8.0]",53861,0.3133303257944835,0.3133303257944835,0.04436142768223024,2.0,6.060041083780708e-14,6.060041083780708e-14,6.144881658953634e-15,416.0,0.0013337134899987565,0.0013337134899987565,0.00017697055106092186,4647.0,0.01807775870477133,0.01807775870477133,0.0022214964415534725,39135.0,0.2939188535996528,0.2939188535996528,0.04196296068960971,7300.0,0.10482084980838624,0.10482084980838624,0.011563636287336752,0.4320751564211582,0.4320751564211582,0.06161706615176102,0.0,0.0,0.0,0.002487885483002544,0.002487885483002544,0.00032744843207515646,0.030188819368374153,0.030188819368374153,0.003730173966320714,0.3993984515697815,0.3993984515697815,0.05755944375336513,0.1297042386884759,0.1297042386884759,0.01420823787155827,0.1533762833961493,0.1533762833961493,0.02008607341118805,0.0,0.0,0.0,0.0009840144074562296,0.0009840144074562296,0.00013769146506748862,0.008373405618165278,0.008373405618165278,0.0009694769870592822,0.14401886337052783,0.14401886337052783,0.01897890495906128,0.1005180000371326,0.1005180000371326,0.011490380795009372,44200
"(3.13, 6.25]","(8.0, 11.31]",45510,0.5809436350045472,0.5809436350045472,0.0828913823928054,0.0,0.0,0.0,0.0,336.0,0.0025832700902942733,0.0025832700902942733,0.0003452367563561121,3665.0,0.030760488649270768,0.030760488649270768,0.004017762806327936,40299.0,0.5475998762649823,0.5475998762649823,0.07852838283012134,13800.0,0.250553462265007,0.250553462265007,0.030384005991497313,0.7517908152054493,0.7517908152054493,0.1081939485827291,0.0,0.0,0.0,0.004614370468029005,0.004614370468029005,0.0006184003515710835,0.04990112063282795,0.04990112063282795,0.0066135442759833,0.6972753241045924,0.6972753241045924,0.1009620039551747,0.2994726433750824,0.2994726433750824,0.03629973632168756,0.3894089211162382,0.3894089211162382,0.05093114260602067,0.0,0.0,0.0,0.0009887936717205012,0.0009887936717205012,0.00012038233355306527,0.015557020435069216,0.015557020435069216,0.001880975609756097,0.3728631070094484,0.3728631070094484,0.0489297846627115,0.268138870577895,0.268138870577895,0.03244134695671282,44300
"(3.13, 6.25]","(11.31, 16.0]",119901,0.6953991096795263,0.6953991096795263,0.10727193333014529,0.0,0.0,0.0,0.0,1168.0,0.004847934798663792,0.004847934798663792,0.0006613253337963247,10691.0,0.051804061562114055,0.051804061562114055,0.006887736228619812,102331.0,0.6387471133187486,0.6387471133187486,0.09972287176772913,60300.0,0.41015088485410256,0.41015088485410256,0.05866601313893881,0.8733538502597976,0.8733538502597976,0.13525220390155213,0.0,0.0,0.0,0.008131708659644203,0.008131708659644203,0.0011102509570395582,0.07773079457218872,0.07773079457218872,0.010405319388495508,0.7874913470279647,0.7874913470279647,0.12373663355601702,0.4959508260981977,0.4959508260981977,0.07078054061267211,0.617359321440188,0.617359321440188,0.09072562197145977,0.0,0.0,0.0,0.003369446459996163,0.003369446459996163,0.00041466626633639435,0.045387444641829526,0.045387444641829526,0.0058129281657367336,0.5686024303383624,0.5686024303383624,0.08449802753938662,0.4547001276052743,0.4547001276052743,0.06428314609552879,114200
"(6.25, 12.5]","(0.5, 0.71]",89087,3.496093909641959e-10,3.240414360473613e-10,6.110469035536997e-12,67.0,1.6230358901951895e-13,1.4915362504511037e-13,2.6549345258059748e-15,178.0,3.1539912187827785e-10,2.898443169254178e-10,5.161280660197423e-12,55.0,3.404796549689828e-11,3.404796549689828e-11,9.465334408137723e-13,0.0,0.0,0.0,0.0,300.0,3.496093909641959e-10,3.240414360473613e-10,6.110469035536997e-12,0.0,0.0,0.0,0.0,0.0,0.0,0.0,0.0,0.0,0.0,0.0,0.0,0.0,0.0,0.0,0.0,0.0,0.0,0.0,0.0,0.0,0.0,0.0,0.0,0.0,0.0,0.0,0.0,0.0,0.0,0.0,0.0,0.0,0.0,0.0,0.0,300
"(6.25, 12.5]","(0.71, 1.0]",178174,0.00046866197968206376,0.00046866197968206376,1.2728346472801893e-05,101.0,1.7501140774518418e-08,1.7501140774518418e-08,3.325216762746313e-10,1109.0,1.4624725822727175e-05,1.4624725822727175e-05,3.1365401832194195e-07,352.0,1.905101100306051e-05,1.905101100306051e-05,4.7197843761087457e-07,638.0,0.00043496874171550156,0.00043496874171550156,1.19423814951928e-05,2200.0,0.00046866197968206376,0.00046866197968206376,1.2728346472801893e-05,0.0006342115011168857,0.0006342115011168857,1.724381784098689e-05,0.0,0.0,0.0,0.0,0.0,0.0,7.29623850842435e-05,7.29623850842435e-05,1.8094671500892382e-06,0.0005612491160326423,0.0005612491160326423,1.5434350690897652e-05,0.0006342115011168857,0.0006342115011168857,1.724381784098689e-05,0.0,0.0,0.0,0.0,0.0,0.0,0.0,0.0,0.0,0.0,0.0,0.0,0.0,0.0,0.0,0.0,0.0,0.0,2200
"(6.25, 12.5]","(1.0, 1.41]",1113579,0.0017833795268388216,0.0017745037205622188,3.897808521131441e-05,1350.0,9.064189913809019e-06,8.835317362972715e-06,1.5102226569142756e-07,11934.0,0.0004354371831724519,0.0004267902494466853,8.203468667258647e-06,7572.0,0.00047856829609564905,0.00047856829609564905,9.861228588875468e-06,8744.0,0.0008603098576569118,0.0008603098576569118,2.0762365689488865e-05,26100.0,0.0017548039707603177,0.001745928164483755,3.6456799673346114e-05,0.0032570657313042003,0.003226626938905996,7.286784107818121e-05,2.6940163203508684e-05,2.5641647337099567e-05,4.2937375794622576e-07,0.0010138481418920438,0.0009847078653602481,1.868529848353821e-05,0.0009150675434791782,0.0009150675434791782,1.915131301865427e-05,0.0013012098827294698,0.0013012098827294698,3.4601855818042515e-05,0.003181633274334377,0.0031511944819361724,6.619961188204875e-05,0.00022988939266994072,0.00022988939266994072,3.9858869465031224e-06,0.0,0.0,0.0,8.351450593087689e-05,8.351450593087689e-05,1.4500093841568496e-06,7.094242976923952e-05,7.094242976923952e-05,1.237182094849131e-06,7.543245696982435e-05,7.543245696982435e-05,1.298695467497141e-06,0.00022988939266994072,0.00022988939266994072,3.9858869465031224e-06,29600
"(6.25, 12.5]","(1.41, 2.0]",1407565,0.007618155316083614,0.007590719059861517,0.00022829189691691732,3716.0,3.527964235438421e-05,3.283197946230851e-05,5.699715428579573e-07,35423.0,0.001556259219636677,0.0015312706263066558,3.1246674322402135e-05,23086.0,0.001402599866585113,0.001402599866585113,3.0491650793330104e-05,38075.0,0.0046240165875074376,0.0046240165875074376,0.00016598360025832712,57700.0,0.006752771175317823,0.006725335175814,0.00015328293979502815,0.012853402862390012,0.012801150213311645,0.0003887044985489128,9.946254702269523e-05,9.291435919477963e-05,1.6136903801955864e-06,0.0032609506488155077,0.003215246187565051,6.56894519258436e-05,0.002495089036740755,0.002495089036740755,5.425355134576378e-05,0.006997900629811058,0.006997900629811058,0.00026714780489710976,0.011294682661191493,0.01124243001211312,0.00025280541040733495,0.0021270776127567826,0.002124956929164905,4.6124519507092083e-05,0.0,0.0,0.0,0.0003012294281258768,0.0002991087445340003,5.879415373357532e-06,0.0004688948645355633,0.0004688948645355633,1.0003871934866239e-05,0.0013569533200953425,0.0013569533200953425,3.024123219886828e-05,0.0021270776127567826,0.002124956929164905,4.6124519507092083e-05,100300
"(6.25, 12.5]","(2.0, 2.83]",962133,0.01794985038910132,0.017886607811165984,0.0007900878013289966,8543.0,0.00029283400730190643,0.0002824670422884483,5.793539617040085e-06,67331.0,0.0036736198601232104,0.003620744247201329,8.436561728277636e-05,39846.0,0.0030043960745432517,0.0030043960745432517,7.747001340053417e-05,63780.0,0.010979000447132941,0.010979000447132941,0.0006224586310286461,60100.0,0.012574028193512906,0.012511587227714274,0.0003128983375209866,0.030333644101179363,0.03021011752013496,0.0013284596399874044,0.0006381654095639584,0.0006170778884000444,1.2456656927888358e-05,0.007643433911943564,0.007540994852063072,0.00018585268159391683,0.005430642125361046,0.005430642125361046,0.0001508783089240261,0.01662140265431079,0.01662140265431079,0.0009792719925415727,0.021418036799486142,0.021298468091209843,0.000544113918138137,0.00543583891208388,0.0053784435208022174,0.00015179860809264414,0.00020995018360247492,0.00019816802874446674,3.837550110015983e-06,0.0012763308191279168,0.001230717582704262,2.4890027262343144e-05,0.0009385396821437368,0.0009385396821437368,2.0509638480334852e-05,0.0030110182272097517,0.0030110182272097517,0.00010256139223995016,0.005020095974257197,0.0049627005829755355,0.00011637003428839878,179500
"(6.25, 12.5]","(2.83, 4.0]",436524,0.04741614553039047,0.04731096981047226,0.002753183949581357,9047.0,0.0009794837868590317,0.0009600502772097058,2.6846294085101327e-05,69322.0,0.010893986484936658,0.010808244274667764,0.0004704761685186444,38928.0,0.008748320587689656,0.008748320587689656,0.00041946915380659366,63703.0,0.026794354670905126,0.026794354670905126,0.001836392333171018,31400.0,0.028870659414019954,0.028772271204303864,0.0011051842396730635,0.07632340948034934,0.07612425662735611,0.0045148744983093715,0.0019220019975992157,0.001885245713866821,5.507986044295388e-05,0.021087042178666006,0.020924645609405212,0.0010027004116612145,0.01539205175431362,0.01539205175431362,0.0007938351614115145,0.03792231354977046,0.03792231354977046,0.002663259064793689,0.04447636326983167,0.04429999725101026,0.0017049320461188838,0.019662149160183634,0.01957333846478086,0.0007237675119810135,0.0007949162016292348,0.0007765254602267001,1.6950136762239875e-05,0.005804950014203114,0.005734530060202874,0.00014227980111059177,0.003390420687064172,0.003390420687064172,0.0001041085942582767,0.009671862257287113,0.009671862257287113,0.00046042897984990545,0.0181181332526963,0.018029322557293524,0.0006000918377912782,181000
"(6.25, 12.5]","(4.0, 5.66]",72070,0.10841853439404169,0.10841604332454786,0.008145017249783741,2637.0,0.0014005192015906355,0.00140045035449575,6.866610184015379e-05,21267.0,0.025571841031145213,0.02556941880874627,0.0016968914014809735,10592.0,0.019127803707308842,0.019127803707308842,0.0013499028354954305,17104.0,0.062318370453997005,0.062318370453997005,0.0050295569109671855,6100.0,0.045776517091017925,0.045776517090729406,0.002139271462910408,0.175815179686416,0.17580788122658528,0.0135527326432635,0.002539198001942556,0.002539198001942556,0.00012708339114749547,0.050659081448591645,0.05065178298876092,0.0035654494463715847,0.03377272096572777,0.03377272096572777,0.002559998612460108,0.08884417927015402,0.08884417927015402,0.007300201193284311,0.06675454419314555,0.06675454419314555,0.0031168391841265445,0.057041764950742334,0.057041764950742334,0.0033458942694602465,0.0008463993339808519,0.0008463993339808519,2.991536006660192e-05,0.013126127376162065,0.013126127376162065,0.0005795157485777713,0.00882475371166921,0.00882475371166921,0.00033118079644789796,0.034244484528930204,0.034244484528930204,0.0024052823643679767,0.04101567920077702,0.04101567920077702,0.001791393090051338,51600
"(6.25, 12.5]","(5.66, 8.0]",80504,0.25875866108481865,0.2583498415630332,0.021379044884762513,4049.0,0.005860547269455645,0.005796737993332374,0.00036514315472289873,28393.0,0.06981221069479246,0.06946720044913023,0.005168199269543924,15597.0,0.054122254284377766,0.054122254284377766,0.004206529693312366,24361.0,0.12896364883619277,0.12896364883619277,0.011639172767183325,10400.0,0.08306086078789379,0.0829143179211794,0.0046838258678879455,0.42096044917022757,0.420199542879857,0.035043898918066196,0.01257080393520819,0.012435729901619796,0.0008159920798966511,0.13169531948723048,0.13106948723044815,0.010055938985640465,0.09447977740236511,0.09447977740236511,0.007570993987876378,0.1822145483454238,0.1822145483454238,0.016600973864652695,0.11929841995428798,0.11906190996720656,0.00663596877173805,0.1302047103249528,0.12991960647918113,0.008859691174351581,0.0029191096094603997,0.002893334492696015,0.00012820218250024842,0.03546407631918911,0.03520474759018185,0.0020884016918413994,0.02551426016098579,0.02551426016098579,0.0013228808506409618,0.0663072642353175,0.0663072642353175,0.005320206449368972,0.09341150750273279,0.09317930786047897,0.0052770025799960246,72400
"(6.25, 12.5]","(8.0, 11.31]",92414,0.4210952701643714,0.42054782516012174,0.03816421200548798,4397.0,0.010537958246863162,0.010419008704072023,0.0008529026975215581,34557.0,0.12911629491890372,0.12868779945744513,0.010820739116104282,18775.0,0.09007565169908727,0.09007565169908727,0.007941913123522411,28371.0,0.19136536529951728,0.19136536529951728,0.018548657068339726,20500.0,0.14961777927776604,0.14954609075614264,0.011163291074363342,0.6485489211591318,0.6474811608630727,0.0589119238427078,0.022951068019996964,0.02266457463154934,0.001860482933321791,0.23447746012508927,0.23369619321747787,0.019923524143528052,0.14142878784599736,0.14142878784599736,0.012695343779081096,0.2496916051680482,0.2496916051680482,0.024432572986776886,0.21294392624494124,0.2128281429220681,0.015871509121994507,0.2816672798493734,0.2815017421602788,0.022830989534053277,0.006535806263120307,0.006525807778042288,0.0005157399787910925,0.079252061375982,0.07909652217196528,0.00577372662583591,0.06278269526262253,0.06278269526262253,0.004721894950981453,0.13309671694764863,0.13309671694764863,0.011819627978444816,0.1722574501698877,0.1721429220680849,0.012438948142056398,86100
"(6.25, 12.5]","(11.31, 16.0]",186137,0.5744101808407415,0.5737325199767479,0.05546394974736436,9758.0,0.018781792951389972,0.018586626631347934,0.0015574644341216906,74063.0,0.19256683646841183,0.19208434192446056,0.017535987497277094,38429.0,0.12201821575902215,0.12201821575902215,0.012004149175830673,59850.0,0.2410433356619172,0.2410433356619172,0.0243663486401349,69000.0,0.25819334108669817,0.25782223765494117,0.0221953128977084,0.8492723101801362,0.8481295497402452,0.08225044894835522,0.03631196376862204,0.03595016573813912,0.0030414699705055967,0.3271138999768987,0.32633293756749066,0.030162253716348703,0.18310706630062804,0.18310706630062804,0.018221137656672236,0.3027393801339874,0.3027393801339874,0.03082558760482867,0.3636515039997421,0.36303857373869786,0.031108136659019965,0.5429549203006387,0.5422494882801375,0.049141441452800874,0.017444140606112706,0.01726637906488232,0.0013777244690738545,0.18310169391362272,0.18257402343435214,0.015525581631808826,0.1178218194125832,0.1178218194125832,0.010755185159318137,0.22458726636832008,0.22458726636832008,0.02148295019260008,0.33732143528691233,0.3367542992527009,0.0285642253039428,182100
"(12.5, 25.0]","(0.5, 0.71]",84633,5.270721180301334e-10,5.270721075441683e-10,6.166743728936551e-12,42.0,3.0395164516057983e-21,2.4861398457398652e-21,3.281704596376624e-23,69.0,4.835531722560224e-16,4.730677605490757e-16,5.605558847323726e-18,28.0,1.8226111025573842e-13,1.8226111025573842e-13,2.13245498999214e-15,61.0,5.268893733636659e-10,5.268893733636659e-10,6.1646056683548945e-12,200.0,5.270721180301334e-10,5.270721075441683e-10,6.166743728936551e-12,0.0,0.0,0.0,0.0,0.0,0.0,0.0,0.0,0.0,0.0,0.0,0.0,0.0,0.0,0.0,0.0,0.0,0.0,0.0,0.0,0.0,0.0,0.0,0.0,0.0,0.0,0.0,0.0,0.0,0.0,0.0,0.0,0.0,0.0,0.0,0.0,200
"(12.5, 25.0]","(0.71, 1.0]",169264,0.00063819505176991,0.0006110848024372644,6.5365986532918845e-06,841.0,6.718753162940958e-05,5.763567336327682e-05,7.838307741557807e-07,527.0,0.0001243999218687908,0.0001068415308022775,1.4475310658608676e-06,110.0,1.0063940420525927e-07,1.0063940420525927e-07,1.2072927216452759e-09,222.0,0.0004465069588675046,0.0004465069588675046,4.304029520553593e-06,1600.0,0.00063819505176991,0.0006110848024372644,6.5365986532918845e-06,0.00103388789110502,0.0009707616504395499,1.0839186123452134e-05,0.0002185934398336327,0.00018751772379241896,2.5502410435768964e-06,0.00022450137063994706,0.0001924508460156915,2.6173315058134025e-06,0.0,0.0,0.0,0.0005907930806314397,0.0005907930806314397,5.671613574061834e-06,0.00103388789110502,0.0009707616504395499,1.0839186123452134e-05,0.0,0.0,0.0,0.0,0.0,0.0,0.0,0.0,0.0,0.0,0.0,0.0,0.0,0.0,0.0,0.0,0.0,0.0,1700
"(12.5, 25.0]","(1.0, 1.41]",890863,0.0012404354096481936,0.0011816900940707104,1.6317885504043456e-05,9487.0,0.00015081598128664932,0.00013070211182418328,1.6613000854767354e-06,8413.0,0.00035261159842310747,0.0003141283407579877,3.999386280145832e-06,1064.0,9.634153272036594e-05,9.632799289146996e-05,1.2691801554060938e-06,3336.0,0.0006406662972180704,0.00064053164859707,9.388018983014807e-06,18800.0,0.0012340106991893963,0.0011752653836273423,1.5998485273735006e-05,0.0023808374576113262,0.0022280541452501675,3.0315179775116926e-05,0.0004490028208602221,0.00038516472229736787,4.928792193636955e-06,0.0007655498095666786,0.0006769245102782355,8.906633118672562e-06,0.00018633617065699215,0.00018630249544542766,2.420348583339976e-06,0.0009799486565274349,0.0009796624172291363,1.405940587946743e-05,0.0023797149505591763,0.002226931638198017,3.0269718239504836e-05,0.00015939600140537876,0.00015669861695906102,1.7924877338041867e-06,0.0,0.0,0.0,2.918518335591443e-05,2.648779890959666e-05,3.443413858247563e-07,3.0307690408064994e-05,3.0307690408064994e-05,3.970307443456515e-07,9.990312764139938e-05,9.990312764139938e-05,1.051115603633779e-06,0.00015939600140537876,0.00015669861695906102,1.7924877338041867e-06,22300
"(12.5, 25.0]","(1.41, 2.0]",962133,0.00506465729077471,0.004741260078607893,7.595202260846551e-05,28069.0,0.001142168275976237,0.0010037089729533748,1.2235092003058886e-05,25003.0,0.0016125940619021535,0.0014444208365230566,2.0246666643512056e-05,4705.0,0.0005397331373170283,0.0005342877557442072,7.371751353750516e-06,8423.0,0.001770161815579292,0.0017588425133872544,3.60985126081441e-05,37500.0,0.004700264832326621,0.004378491110366971,5.902401064454976e-05,0.009047605684453187,0.008402423573456058,0.00013504680205335436,0.002519402203229699,0.002216245571038516,2.706912339562202e-05,0.0030993636014979217,0.0027818118700844888,3.888584488838862e-05,0.0008824143855371346,0.0008740402834119605,1.276503581105731e-05,0.0025464254941884334,0.0025303258489210952,5.632679795828641e-05,0.00835227562093806,0.007715580902016664,0.00010365607145789616,0.0017710649151416696,0.0016725982790321092,2.1574096096901372e-05,0.0002598393361416769,0.00023255412713211183,2.596895959290449e-06,0.0006464802683204922,0.0005789386706411693,7.4183075520744e-06,0.00033571242229504653,0.0003350046199433965,4.280104517774571e-06,0.0005290328883844541,0.0005261008613154316,7.278788067761938e-06,0.0017710649151416696,0.0016725982790321092,2.1574096096901372e-05,66200
"(12.5, 25.0]","(2.0, 2.83]",2512235,0.01307738121464999,0.012244929832293227,0.000295688672048393,199646.0,0.0029120783072891505,0.00253942540108509,3.5613148313131205e-05,168484.0,0.004396096634647027,0.003949202106958498,7.260447407073896e-05,35500.0,0.001019643846006589,0.0010172159882603207,2.5863845865457135e-05,53370.0,0.004749562426707228,0.004739086335989317,0.0001616072037990658,145300.0,0.01026689302935081,0.009485391077434874,0.0001440701660170043,0.024047113426888804,0.02229047402014541,0.0005376114546210846,0.006616419244218793,0.005771552422444556,8.193536918321736e-05,0.008766695790799825,0.007878878767312771,0.0001571268078822244,0.0018736304525651462,0.0018690528553260343,5.2468312080677184e-05,0.006790367939305044,0.006770989975062047,0.0002460809654749653,0.018834623353308905,0.017225508362076,0.00026316654051074045,0.005386040716732312,0.004977962252735116,7.776981822958442e-05,0.0013370564457544775,0.0011308563888330508,1.4381794935585235e-05,0.001823873960835671,0.0016246115510690684,2.436161772286431e-05,0.0004748759570661184,0.00047461841746492667,6.331196126158584e-06,0.0017502343530760459,0.001747875895368069,3.269520944497628e-05,0.0052785666945966425,0.0048704882305994485,7.106706152091665e-05,457000
"(12.5, 25.0]","(2.83, 4.0]",1131396,0.03443638898994102,0.03237075177044602,0.0011156291118115276,227545.0,0.008162947284484787,0.007220584387642609,0.000148046602343305,184521.0,0.011747833777235709,0.010684781066092343,0.0003215926568429968,39187.0,0.003092783033455567,0.003074861413455748,0.00013526970932068184,47447.0,0.011432824894764966,0.011390524903255324,0.0005107201433045443,83500.0,0.02162457692783732,0.019895165247593983,0.0004118797897360857,0.06214534963885325,0.05804246877309094,0.00200858451903666,0.017389136960003396,0.01540237989174436,0.00033498531221605877,0.02253410830513808,0.020528382635257678,0.0006575765775201612,0.00575748897821806,0.005718598085904493,0.0002600662979186773,0.016464615395493713,0.01639310816018441,0.0007559563313817623,0.0380768537276073,0.034817764071995994,0.000711669609844829,0.014230207637290571,0.013189228174750487,0.00028501512768296854,0.004155927721151568,0.003678028736180791,5.08153339767862e-05,0.005363285710750259,0.004803740688494568,9.298187106901558e-05,0.0008608833688646593,0.0008600277886787648,2.4924411700235807e-05,0.003850110836524081,0.0038474309613963633,0.000116293510936931,0.013314524711064916,0.012273545248524836,0.00023249319902138575,498700
"(12.5, 25.0]","(4.0, 5.66]",231624,0.07290126588540385,0.06795372674271048,0.0029745170751727234,79200.0,0.02042566779326828,0.018107189065801513,0.0006499333774359453,62142.0,0.025775646976843033,0.02344500867901194,0.0009949908189328443,11844.0,0.008923292387948768,0.008840434991240976,0.00041795209852150554,12014.0,0.017776658727343762,0.017561094006656067,0.0009116407802824279,16800.0,0.029889012134144986,0.02744358601682832,0.0006478287931127857,0.13800383379960623,0.12778273408627772,0.00568404094998791,0.045379580699754764,0.040374879114426825,0.0015175133626049108,0.05214485545539322,0.047419192311677544,0.0021247603991814325,0.01612958933443857,0.015979462404586742,0.0007796700713224881,0.02434980831001969,0.024009200255586644,0.0012620971168790804,0.052071460643111245,0.0475419257071806,0.0010844059704521116,0.03247504576382413,0.02986513055641902,0.0009376386354609193,0.009813318136289849,0.008432239318896143,0.00016748544365005358,0.011307118433322971,0.010148728111076573,0.00028264331848167713,0.0031300728767312542,0.0031071866473249754,0.00012055655976928117,0.008224536317480054,0.008176976479121334,0.0003669533135599074,0.025813387213760232,0.023393888370807855,0.0005818201667357442,165200
"(12.5, 25.0]","(5.66, 8.0]",94475,0.20144656883500311,0.18722377737409926,0.009673624915485356,40269.0,0.05408345591264155,0.04813258513109666,0.0022593242686000567,33933.0,0.08432660726393898,0.07688095275801966,0.0040428187910516,7257.0,0.026246118106611753,0.02599742309806102,0.0013939772806890374,6841.0,0.03679038755181091,0.03621281638692192,0.001977504575144663,10300.0,0.060322028455400474,0.056062596297875564,0.0020622527477846936,0.36477374966922466,0.33653099761841754,0.017642286686424983,0.11268589573961366,0.10019021963482404,0.00480023124530299,0.1587933315691982,0.1443303625297698,0.0077329020174649364,0.043037840698597514,0.04263442180471024,0.002327511345858693,0.050256681661815295,0.04937599364911352,0.00278164207779836,0.09833289229955014,0.0910515586133898,0.003356585456469966,0.10350886477904207,0.09737804710240805,0.00419647224345065,0.02699126753109288,0.02438738290553057,0.0009397718507541675,0.04352474199523682,0.040306123313045776,0.0017331575125694623,0.011526858957396134,0.011426800740936754,0.0005322206012172532,0.021465996295316224,0.021257740142894947,0.000991322278909765,0.06956337655464406,0.065166033342154,0.0024140762180471023,88300
"(12.5, 25.0]","(8.0, 11.31]",64987,0.3445595034624129,0.3153665743052433,0.017498693462448364,31058.0,0.13500504474872593,0.12016686344516053,0.006028325130012872,23395.0,0.13307787405089933,0.11980455519974567,0.006733959738155857,4134.0,0.030398175428912707,0.030059096633078052,0.0018141742238035807,4413.0,0.046078409233874906,0.04533605902725907,0.002922234370476057,11600.0,0.10708990972466298,0.09928016171080303,0.004178713649159864,0.6104143905704218,0.5551198547401789,0.03083810876790743,0.27199286011048357,0.2417568590641205,0.012299916892609293,0.23241571391201318,0.20894340406542847,0.011950542319233076,0.04744025728222568,0.046911536153384524,0.002864407715389231,0.058565559265699285,0.05750805545724529,0.003723241840675827,0.17532737316694108,0.16187034329942912,0.006691572440641971,0.261098373520858,0.24127071568159794,0.012182771100373918,0.09403419145367535,0.0841190391924539,0.0035601460830627664,0.09981996399279855,0.09067955129487434,0.00459115937956822,0.023220028621108838,0.02301521842830104,0.0013150303383753677,0.04402418945327528,0.04345690676596858,0.0027164352993675634,0.14164371335805623,0.13095583732131044,0.005498274517980518,63000
"(12.5, 25.0]","(11.31, 16.0]",153583,0.46236842411896095,0.4192570605459054,0.0252738816426867,69363.0,0.18004963556743983,0.1577408134034351,0.008667486328991062,55696.0,0.187139189013588,0.16775033723970673,0.010697207397827476,11254.0,0.04457442172386251,0.044143864424069514,0.0027087465992968454,10187.0,0.050605177814070576,0.049622045478694046,0.003200441316571327,41900.0,0.16730975684532473,0.15265981494971734,0.007932314585243697,0.7867732756880644,0.7091517094990979,0.04284350183483849,0.34550698970589194,0.30242883652487584,0.016796348634288954,0.3124890124558057,0.2799082059863396,0.018014012849078345,0.06555413033994648,0.06490944310242669,0.004003873168254297,0.06322314318642036,0.06190522388545607,0.004029267183216893,0.2681156117539051,0.24327404725783452,0.012544378195503404,0.46474544708724275,0.4241834903602612,0.02386851109758242,0.17593744099281822,0.15460730679827844,0.007893292376109333,0.1882239570785829,0.17027593548765163,0.010002164663406757,0.04817590488530632,0.04773707376467447,0.0028031853089209085,0.052408144130535274,0.05156317430965667,0.003169868749145413,0.24981280480261484,0.22673110305177,0.01163553325888933,146500
"(25.0, 50.0]","(0.5, 0.71]",151449,0.0,0.0,0.0,0.0,0.0,0.0,0.0,0.0,0.0,0.0,0.0,0.0,0.0,0.0,0.0,0.0,0.0,0.0,0.0,0.0,0.0,0.0,0.0,0.0,0.0,0.0,0.0,0.0,0.0,0.0,0.0,0.0,0.0,0.0,0.0,0.0,0.0,0.0,0.0,0.0,0.0,0.0,0.0,0.0,0.0,0.0,0.0,0.0,0.0,0.0,0.0,0.0,0.0,0.0,0.0,0.0,0.0,0.0,0.0,0
"(25.0, 50.0]","(0.71, 1.0]",151449,0.00019408177636121192,0.00012852951282624333,9.003561783564576e-07,1461.0,0.00019368752312454572,0.00012815355425968726,8.972627005351236e-07,142.0,2.1300123570777885e-08,2.010731666227491e-08,1.6689074171242904e-10,100.0,3.0539143735925503e-07,2.8828957415762853e-07,2.392849841305887e-09,97.0,6.75616757361488e-08,6.75616757361488e-08,5.337372383155761e-10,1700.0,0.00019408177484484627,0.0001285295113544068,9.003561196301809e-07,0.0005282306254910895,0.00034935852993416884,2.4455097095391887e-06,0.0005282306254910895,0.00034935852993416884,2.4455097095391887e-06,0.0,0.0,0.0,0.0,0.0,0.0,0.0,0.0,0.0,0.0005282306254910895,0.00034935852993416884,2.4455097095391887e-06,0.0,0.0,0.0,0.0,0.0,0.0,0.0,0.0,0.0,0.0,0.0,0.0,0.0,0.0,0.0,0.0,0.0,0.0,1800
"(25.0, 50.0]","(1.0, 1.41]",302894,0.00047474744849762817,0.0002759199519215256,2.1008772856217647e-06,8376.0,0.00041198955757658834,0.00021371540878874757,1.462342857476958e-06,551.0,3.134293745543113e-05,3.078962052361156e-05,2.6333848210766607e-07,170.0,2.6024906396414596e-05,2.6024875539972384e-05,2.967319305340103e-07,303.0,5.390047069194121e-06,5.390047069194121e-06,7.846401550312953e-08,8300.0,0.00047264847940508767,0.0002738209828697775,2.000546565647374e-06,0.0010762841125938447,0.0006541760483865648,4.891410856603301e-06,0.0008748935271084937,0.00045444941134522367,3.062995635436822e-06,9.244158022278423e-05,9.077763177877407e-05,7.716098701195797e-07,0.0001089490052625671,0.0001089490052625671,1.0568053510469002e-06,0.0,0.0,0.0,0.0010762841125938447,0.0006541760483865648,4.891410856603301e-06,0.0,0.0,0.0,0.0,0.0,0.0,0.0,0.0,0.0,0.0,0.0,0.0,0.0,0.0,0.0,0.0,0.0,0.0,9400
"(25.0, 50.0]","(1.41, 2.0]",650329,0.0035503729868301822,0.0027668268382510445,2.7916440945384652e-05,42034.0,0.002290621917017961,0.0015304358021503894,1.3410297216166938e-05,4677.0,0.0004155864645325288,0.0003931382201624216,4.701014759960503e-06,992.0,0.00016091512578542242,0.00016000334575121334,2.0063787017793145e-06,1797.0,0.0006832494794942675,0.0006832494701870214,7.79875026747789e-06,26200.0,0.003394331277771454,0.0026112021394912015,2.2769561043325894e-05,0.006902660038226805,0.005189739347314972,5.3406873444056736e-05,0.004959028430225317,0.003286968595895307,2.8786489915104512e-05,0.0007365502691714502,0.0006971256087303507,8.562324915542752e-06,0.00023834090129765088,0.00023690470515692818,2.981292853309633e-06,0.0009687404375323874,0.0009687404375323874,1.307676576009987e-05,0.006558218993770845,0.0048452983028590135,4.221915153714502e-05,0.001460799072469473,0.0011793077042543077,9.4534778550549e-06,0.0009072331081652514,0.0006414722394357315,5.035597059334583e-06,0.0002029741869115479,0.00018755276175597268,1.5299995848255267e-06,0.00011686392579755785,0.00011655485146748801,1.0541939541370602e-06,0.0002337278515951157,0.0002337278515951157,1.8336872567577333e-06,0.001460799072469473,0.0011793077042543077,9.4534778550549e-06,49500
"(25.0, 50.0]","(2.0, 2.83]",3786169,0.009965401947303726,0.00749943456211214,0.00010874889865157664,574035.0,0.006489504532304748,0.004156003993280592,4.165639574578291e-05,77759.0,0.0012572755433027383,0.0011404314317227018,1.8723498022788546e-05,11410.0,0.0004029327967742466,0.00039013277600696963,7.153772552557306e-06,31096.0,0.0018156890749219934,0.001812866361101879,4.121523233044791e-05,223300.0,0.008323213195156309,0.005996370344288105,5.657479059433399e-05,0.020535005172774908,0.01508561688609251,0.00021971393257934327,0.01440215690319159,0.009231947121219369,9.616505779324694e-05,0.0026496440069104154,0.002395871922251754,4.370697192861702e-05,0.0006827481816052055,0.0006618758961895255,1.220047261493082e-05,0.002800456081067697,0.0027959219464318693,6.764143024254851e-05,0.016937437288192896,0.011921674389072438,0.00011167391738192349,0.0038772701377038374,0.002790177617533714,2.7308499039530467e-05,0.002756084052243838,0.0017315492256156555,1.5963735295492624e-05,0.0005947964816150575,0.0005374020546890535,5.277810895393201e-06,0.00014209613992402343,0.00013855377295625198,1.7648237307949018e-06,0.0003842934639209185,0.00038267256427275176,4.3021291178497345e-06,0.0038468964274970294,0.0027598208109569336,2.6358772601011736e-05,694300
"(25.0, 50.0]","(2.83, 4.0]",1247209,0.025848584050848094,0.019701088312536388,0.0004010400734783812,460899.0,0.016839811894899866,0.011116360372819349,0.00017315020695363398,62468.0,0.003883346041840707,0.0034871295842742915,8.525754711506856e-05,6889.0,0.0008720981390790739,0.0008457231162208035,2.0145686677928916e-05,14444.0,0.004253327975028457,0.004251875239221951,0.0001224866327317498,82700.0,0.01682739650851975,0.012186025655491959,0.00014340032995152396,0.052032979236038224,0.038684408146509544,0.0007999711071680851,0.037126896935477535,0.02461181085126872,0.00041880048532363056,0.00765148423399767,0.006861463475648428,0.00017654393850589597,0.0014368081051371502,0.0013962800140152932,3.4215377695318106e-05,0.005817789961425875,0.005814853805577093,0.00017041130564324027,0.032203904878813416,0.022911983476706796,0.0002624990400165489,0.01099735489400734,0.008216811296262295,0.00011590239831495761,0.007406938211638946,0.00474912544729873,4.800808164469624e-05,0.0013694577252088465,0.0012585140100817105,1.5243763394908156e-05,0.0003672199286567047,0.00035543281037901436,5.459505102993964e-06,0.0018537390285028414,0.0018537390285028414,4.719104817235924e-05,0.010173114530122858,0.007404720459842737,8.508467161478149e-05,544700
"(25.0, 50.0]","(4.0, 5.66]",464705,0.06306984354182599,0.04749832546079308,0.0012182789003148417,299538.0,0.04419070331304597,0.029622364257683,0.0006896839655837802,37437.0,0.009661090455770294,0.00870364812918972,0.00026404634780922027,3555.0,0.001865789566424226,0.001827581416577618,5.300142061424776e-05,6670.0,0.007352260206585479,0.007344731657342723,0.00021154716630759346,36100.0,0.028546927665812512,0.020793997878815727,0.00027517929067590334,0.128182395283029,0.09443646184138327,0.002506288005078491,0.09560043468436964,0.0639014148761042,0.0015635276411917235,0.019698518414908384,0.017729226068150764,0.0005586832713226671,0.0031740566596012527,0.003108075015332308,9.643927222646631e-05,0.00970938552414973,0.009697745881795979,0.0002876378203376338,0.05302934119495164,0.03803281221420041,0.0005028896207271282,0.03300158164857275,0.024645177047804542,0.0004513497530691514,0.02340624697388666,0.015411465338225334,0.00023326015536738367,0.003602285320794913,0.0032659708847548458,7.66707048557687e-05,0.0011082299523353521,0.0010830612969518296,2.5626493366759564e-05,0.004884819401555827,0.004884679527872522,0.00011579239947923956,0.026451189464283792,0.018886874468748996,0.0002558091453717951,347200
"(25.0, 50.0]","(5.66, 8.0]",234176,0.1614982621447655,0.11687608562471972,0.0036111781005948307,187591.0,0.1204215445572683,0.07864871287306892,0.002372009329209542,21475.0,0.02564554217824467,0.02288122312855492,0.0007659879284504493,1914.0,0.003949068846381026,0.0038785585294617954,0.00011905661446091518,3520.0,0.011482106562871503,0.011467591093634086,0.00035412422847392515,22400.0,0.049585705022315955,0.03546794353266301,0.0006078379727319345,0.3281292702924296,0.23323092460371686,0.007399911189020225,0.2596978341076797,0.17015200105903253,0.0052966666895839015,0.047767491117791744,0.04255214027056572,0.001460911995251435,0.006268789286690352,0.006151125649084449,0.00019498443734626949,0.014395155780267833,0.014375657625034155,0.00044734806683861746,0.08803207843673135,0.06173612581989613,0.001059047606501093,0.08727623667668762,0.06310083441514075,0.0014701266491869362,0.06349070784367314,0.04057422195271932,0.000876168617620935,0.012904823722328507,0.011662911656190213,0.0003277794799637878,0.0025365537031975948,0.0025215436253074605,5.1448981535255565e-05,0.008344151407488386,0.008342157180923753,0.00021472957006695814,0.05911792839573654,0.041752549364580484,0.0007289073205623123,214500
"(25.0, 50.0]","(8.0, 11.31]",121876,0.28413576746710034,0.2000223227403695,0.006948007689924157,101002.0,0.2320731345857112,0.1523485994379342,0.005159191966335061,11064.0,0.03825085551445707,0.03399771651211353,0.0012595530726169629,1088.0,0.004722330751307758,0.004608928160149833,0.0001769267598910463,1446.0,0.009089446615624337,0.009067078630171917,0.0003523358910810847,15100.0,0.06827940058236463,0.04935807186089382,0.0011941711988075689,0.562177951360399,0.3889523778266436,0.01371107193458926,0.47727198135810167,0.3117407282812038,0.010771617315960491,0.06661688929731858,0.059148470576651666,0.002231685191506121,0.007277889001936395,0.007079556270307525,0.0002805059626177426,0.011011191703042439,0.010983622698480423,0.0004272634645049065,0.12015491154944373,0.08611722570481473,0.0020581838253634836,0.21166595556139023,0.15345051527782333,0.004678552308904132,0.16618530309494897,0.11134973251501523,0.003197410144737274,0.032500246151826444,0.02917626932291838,0.0010101574879385605,0.003593816666119662,0.003565492795956546,0.00011293418228363252,0.009386589648495192,0.009359020643933177,0.00035805049394466474,0.1062965637205028,0.07684406281794606,0.0018654108150907482,114600
"(25.0, 50.0]","(11.31, 16.0]",245601,0.4331207669027056,0.3012945567730293,0.01145250256316129,208320.0,0.359536240575232,0.233999471994538,0.008797202371500454,24530.0,0.054323441109365586,0.04819685995593143,0.0019633519006137202,2561.0,0.007071154120822891,0.006923130014455015,0.0002636974144538356,3589.0,0.012189931097285252,0.012175094808104832,0.00042825087659327716,55000.0,0.12458777816986316,0.09198259931497556,0.002971691598833447,0.7991539122397711,0.5496326114307354,0.021080292897423053,0.6843253895546028,0.4452500152686675,0.016909993257356436,0.08991005736947325,0.07970232613059397,0.003273051981058709,0.010309404277669881,0.010090182857561655,0.00038516511537005143,0.014609061038025088,0.01459008717391216,0.0005120825436378513,0.21546329208757292,0.15713927467722036,0.005088960809198657,0.45330841486801765,0.32017395287478473,0.011399326078884048,0.36889507778877123,0.24262517253594246,0.008461510247108119,0.06166505836702618,0.054999442184681654,0.002128154836910273,0.008847683844935485,0.008667717150988798,0.00032444397701963745,0.013900594867284743,0.013881621003171812,0.0004852170178460182,0.1979185752501008,0.14466037597566786,0.00459305820904638,239000
"(50.0, 100.0]","(0.5, 0.71]",178174,0.00015132670748332485,0.0001338746940732663,6.292110622119252e-07,488.0,0.00011221467567019156,9.927981502147198e-05,4.666151306684913e-07,12.0,3.911203181313336e-05,3.459487905179439e-05,1.625959315434336e-07,0.0,0.0,0.0,0.0,0.0,0.0,0.0,0.0,500.0,0.00015132670748332485,0.0001338746940732663,6.292110622119252e-07,0.00047706174862774593,0.0004219863728714626,1.9833359524958735e-06,0.00040971185470382876,0.0003624153916957581,1.703352340970063e-06,6.73498939239171e-05,5.957098117570464e-05,2.7998361152581176e-07,0.0,0.0,0.0,0.0,0.0,0.0,0.00047706174862774593,0.0004219863728714626,1.9833359524958735e-06,0.0,0.0,0.0,0.0,0.0,0.0,0.0,0.0,0.0,0.0,0.0,0.0,0.0,0.0,0.0,0.0,0.0,0.0,500
"(50.0, 100.0]","(0.71, 1.0]",178174,7.796669685199824e-05,1.6426553078581724e-05,6.413654009168846e-08,2335.0,7.796669092571427e-05,1.6426549331086368e-05,6.41365235773497e-08,65.0,5.926283965925021e-12,3.747495367442917e-12,1.651433872070977e-14,0.0,0.0,0.0,0.0,0.0,0.0,0.0,0.0,2300.0,7.79664639025092e-05,1.6426491382494388e-05,6.413552827585613e-08,0.00033674946961958526,7.08857633549228e-05,2.764544770841989e-07,0.00033674946961958526,7.08857633549228e-05,2.764544770841989e-07,0.0,0.0,0.0,0.0,0.0,0.0,0.0,0.0,0.0,0.00033674946961958526,7.08857633549228e-05,2.764544770841989e-07,0.0,0.0,0.0,0.0,0.0,0.0,0.0,0.0,0.0,0.0,0.0,0.0,0.0,0.0,0.0,0.0,0.0,0.0,2400
"(50.0, 100.0]","(1.0, 1.41]",356344,0.0008598040713929056,0.000420592409637118,2.2861876445491428e-06,8256.0,0.0007354043563735648,0.00030368988929064324,1.6188217489225794e-06,393.0,8.66809270338661e-05,7.918547778893599e-05,4.253463070636822e-07,193.0,6.869205013382838e-07,6.866687384774639e-07,4.315247359546336e-09,358.0,3.70318674841364e-05,3.703037381906142e-05,2.3770434120333652e-07,7600.0,0.0008597941742046009,0.0004205853667129158,2.2860445006870944e-06,0.0021748647374447163,0.0010032216060884994,5.390926464315377e-06,0.0019307186314347934,0.000773160204745976,4.053838987046223e-06,0.0001515389623509867,0.00013745425768358662,7.351410434860695e-07,0.0,0.0,0.0,9.260714365893631e-05,9.260714365893631e-05,6.019464337830865e-07,0.0021748647374447163,0.0010032216060884994,5.390926464315377e-06,0.0002750151538962352,0.00026126439620142376,1.4369541791078265e-06,0.00018521428731787262,0.00017595357295197917,9.677446512358838e-07,8.980086657836248e-05,8.53108232494443e-05,4.6920952787194406e-07,0.0,0.0,0.0,0.0,0.0,0.0,0.0002750151538962352,0.00026126439620142376,1.4369541791078265e-06,9200
"(50.0, 100.0]","(1.41, 2.0]",534519,0.0029650548568198433,0.0013391621058761077,7.472083005333412e-06,39505.0,0.0026067332265409396,0.0009928277635470777,5.004620148448584e-06,1440.0,0.00013332984214606608,0.00012465847702272388,8.978868602881084e-07,652.0,6.510242665745687e-05,6.360909016616142e-05,6.106700351310077e-07,903.0,0.00015988936147538175,0.00015806677514014508,9.58905961465714e-07,21700.0,0.002936162477829948,0.0013120784324691386,6.839102462520923e-06,0.006574134876402898,0.0029009165249504693,1.6026902504868855e-05,0.00584637777141692,0.002202896435861026,1.1082572555886694e-05,0.0002824969739148655,0.0002610440414653174,1.7223853595475542e-06,0.00015715063449568678,0.00015243985714258988,1.5488672993850546e-06,0.00028810949657542573,0.0002845361904815359,1.6730772900495587e-06,0.006519880490684147,0.0028499585608743557,1.4813804373651823e-05,0.0012684301212866147,0.0005423754815076732,2.8000684727764574e-06,0.001148696304527996,0.00042264166474905465,1.9858785188178536e-06,8.605868079525705e-05,8.605868079525705e-05,5.851990294077475e-07,3.3675135963361445e-05,3.3675135963361445e-05,2.2899092455085788e-07,0.0,0.0,0.0,0.0012684301212866147,0.0005423754815076732,2.8000684727764574e-06,42500
"(50.0, 100.0]","(2.0, 2.83]",2636956,0.009862719309397418,0.004504023928394608,3.823239251499363e-05,450295.0,0.008405810455615153,0.003159288464932637,2.412803704769476e-05,12651.0,0.0004580312419866993,0.0003567285145355599,3.2253714723676266e-06,6808.0,0.00032994210863970444,0.00032293502087096847,2.943118283366049e-06,8746.0,0.0006689355031558657,0.0006650719280554417,7.935865711565207e-06,145800.0,0.008656690484894479,0.0037292441795373577,2.1454478165258177e-05,0.021600663795679563,0.009541766718898613,8.437296447115532e-05,0.01899387020488776,0.007158189973590762,5.817765927834975e-05,0.0009370653131868716,0.0007316174407157346,6.73638547628402e-06,0.000610173245211524,0.0005979159303378592,5.793079330864832e-06,0.0010595550323934113,0.0010540433742542534,1.3665840385656808e-05,0.018317711785862185,0.0076379825829479145,4.422689745297228e-05,0.004080841697775768,0.001767237299370941,1.0119339647684685e-05,0.0036891021313969576,0.0014111892651982056,8.140401242948313e-06,0.00012400661975398914,8.946755273883984e-05,5.487606164077064e-07,7.849960333050685e-05,7.8030881061345e-05,3.9050492310072675e-07,0.00018923334329431365,0.00018854960037255076,1.0396728652279388e-06,0.004077049446407145,0.001763854231924992,1.0040478680721262e-05,478500
"(50.0, 100.0]","(2.83, 4.0]",2075711,0.02660158366326047,0.01196853815595918,0.00015676814923039882,880576.0,0.02320097564642025,0.008782355900657911,0.0001027333987894135,16949.0,0.0010380968352869241,0.0008584761901779672,1.1751572336554535e-05,8409.0,0.0007484805888063237,0.000726351920468462,1.1646084423846784e-05,9666.0,0.0016140305927469674,0.001601354144654838,3.0637093680583986e-05,137900.0,0.016676056735296856,0.006767022563254334,4.387261785864131e-05,0.056795478754026935,0.024733470603566687,0.0003355013944137694,0.051077438044120786,0.019418663773521454,0.00024361112789786235,0.001994497307187754,0.0016494492730442718,2.3832443100219634e-05,0.0013445995131306815,0.001305780525323612,2.1900331693573907e-05,0.002378943889587712,0.002359577031677339,4.615749172211355e-05,0.032923658447635534,0.013114292403904012,8.500878874756651e-05,0.013496098445303802,0.00559162908516648,4.00781730211961e-05,0.01217558706390244,0.004390395387411828,2.8479484764497566e-05,0.0005024784278736296,0.00039415409948687465,2.9750883913993816e-06,0.0002794223280601201,0.0002710141247986834,2.6519834890309886e-06,0.0005386106254676109,0.0005360654734690907,5.971616376268186e-06,0.012954597244028672,0.005221571307373712,3.2278549759576355e-05,915600
"(50.0, 100.0]","(4.0, 5.66]",927285,0.0642709014308091,0.029393339164464793,0.0005116376327479181,667995.0,0.05688393799115358,0.02238695102356983,0.0003637906673977424,9717.0,0.0024094134237419708,0.002091534185689283,3.910979698824864e-05,4659.0,0.0018506431347097474,0.0018064935498456952,3.445552488502079e-05,5229.0,0.0031269068812038074,0.0031083604053599866,7.428164347690639e-05,62300.0,0.02587544547701067,0.010751301860770744,8.578733384320102e-05,0.13597114155842052,0.05997154272958153,0.0010654897857724432,0.12401580959467694,0.04877041470529556,0.0008262230250678055,0.004597292094663454,0.003949272338062191,7.651124638056263e-05,0.003065939813541684,0.002988756423321847,5.9782274165979176e-05,0.004292100055538481,0.004263099262901914,0.00010297324015809593,0.049323562874412946,0.020020329240740438,0.00015625300819057796,0.035574823274397836,0.01621880867263032,0.0001984165836824708,0.03109831389486511,0.011973218589753958,0.00012858448330340728,0.0015216465272273356,0.0013146907369363245,1.7945912637430775e-05,0.0012272386590961783,0.0012098459481173533,1.860121548391273e-05,0.0017276241932092076,0.001721053397822676,3.328497225772009e-05,0.02754816480370113,0.011593613613937459,9.822707301422972e-05,687600
"(50.0, 100.0]","(5.66, 8.0]",499584,0.16115759804993665,0.07013181622548523,0.001398668620958995,447665.0,0.14868757473316246,0.05882894411771713,0.0011583605602210364,6413.0,0.005195291219754128,0.004202884123643739,8.651208485518054e-05,2420.0,0.00289798935839413,0.0027718408492584464,5.7194361814807744e-05,3102.0,0.00437674273862588,0.004328147134865925,9.660161406797085e-05,42100.0,0.04181845057903324,0.017726689318247123,0.00017692884161325272,0.33877986484755324,0.14372844406546245,0.0029295531908547904,0.31973602036894694,0.12673971544324877,0.002565970141958109,0.009149612477581346,0.007350305454137843,0.00015435064893991804,0.004333605559825774,0.004142614655393286,8.637462268607482e-05,0.005560626441199077,0.005495808512682552,0.00012285777727068928,0.07680790417627467,0.03207565294324878,0.00031945762714578527,0.08959053932872149,0.03993886913912374,0.0006429400509223674,0.08026878362797848,0.03138573493146296,0.00048053018671534724,0.0033888194978221875,0.00275446371380989,4.894762042018959e-05,0.002305918524212145,0.002212819065462465,3.886773615648221e-05,0.003627017678708686,0.00358585142838842,7.459450763034844e-05,0.051084502305918524,0.021051528872021514,0.00021873427511689733,459600
"(50.0, 100.0]","(8.0, 11.31]",489317,0.3090989301907395,0.12835321351379025,0.002890353874572408,463083.0,0.29370256955332996,0.114388679992571,0.0025625169996988852,6394.0,0.007150157146118284,0.005925943010477211,0.00014070676929906558,2712.0,0.0037391325498493735,0.0035857256821810977,7.766461489675604e-05,2911.0,0.004507070941442047,0.0044528648285609455,0.00010946549067770102,52200.0,0.058265772557903134,0.02428348265386126,0.0003411493287387647,0.6139312551985728,0.24991551693482955,0.0057070971828078725,0.5908357976526465,0.22918085412932718,0.005218819639620124,0.011920697625465701,0.009851143532720097,0.0002359973640809536,0.005440236084174471,0.005219479396791852,0.00011343894367046307,0.005734523836286088,0.00566403987599041,0.00013884123543633282,0.10384679052638676,0.042595822340118994,0.0005991906128338072,0.23160854824173285,0.09969527320734822,0.0019855549974760736,0.2148239280466446,0.08444018907988075,0.0016478367087184797,0.007383761447078274,0.0061169446391603,0.0001333626023620679,0.00433052601892025,0.004136520905670558,8.4304793007396e-05,0.005070332729089732,0.005001618582636613,0.00012005089338813095,0.09092265341281827,0.03792740493381592,0.0005356127677967453,475100
"(50.0, 100.0]","(11.31, 16.0]",416903,0.43946768088686394,0.17940729423677515,0.004342979818052579,399553.0,0.42225575468258686,0.1638004877636857,0.00397217386684921,5376.0,0.00784150202525377,0.0064112535306525276,0.00015183709839781828,2301.0,0.0037661426994247747,0.0036212474461222418,8.22431349062875e-05,2970.0,0.005604281479598585,0.005574305496314667,0.00013672571789926115,66000.0,0.08785586046316267,0.03790037582984326,0.0006783441503656276,0.8204954150006116,0.33013267594620355,0.008062377953144972,0.7952569302691512,0.30745441025850156,0.0075219056780594,0.01267441107403881,0.010362998107473445,0.0002469314588765252,0.005466499401539447,0.005257333240585937,0.00012020140584260607,0.0070975742558820635,0.007057934339642556,0.00017333941036644005,0.1552063669486667,0.06589542651408122,0.0011845938904253505,0.4872332413055316,0.2029497916781601,0.004583238590991191,0.46527369675919816,0.1830547321559211,0.004127489342125146,0.010450872265251149,0.008604356409044793,0.00019474625800246104,0.004876434086586089,0.004694811502915545,0.00010397893178988876,0.006632238194496082,0.006595891610278649,0.00015702405907369336,0.1490034852231814,0.06337283013074983,0.0011258227153558501,410200
"(100.0, 200.0]","(0.5, 0.71]",276169,4.232097129446379e-08,9.281931664906942e-09,2.4759321364760803e-11,900.0,4.232097129446379e-08,9.281931664906942e-09,2.4759321364760803e-11,0.0,0.0,0.0,0.0,0.0,0.0,0.0,0.0,0.0,0.0,0.0,0.0,900.0,4.232097129446379e-08,9.281931664906942e-09,2.4759321364760803e-11,0.0,0.0,0.0,0.0,0.0,0.0,0.0,0.0,0.0,0.0,0.0,0.0,0.0,0.0,0.0,0.0,0.0,0.0,0.0,0.0,0.0,0.0,0.0,0.0,0.0,0.0,0.0,0.0,0.0,0.0,0.0,0.0,0.0,0.0,0.0,0.0,900
"(100.0, 200.0]","(0.71, 1.0]",276169,0.00014465752498977279,2.24886221060826e-05,6.749881774218236e-08,2400.0,0.00014465752498977279,2.24886221060826e-05,6.749881774218236e-08,0.0,0.0,0.0,0.0,0.0,0.0,0.0,0.0,0.0,0.0,0.0,0.0,2400.0,0.00014465752498977279,2.24886221060826e-05,6.749881774218236e-08,0.0005684924810532682,8.888760143245625e-05,2.662949136217314e-07,0.0005684924810532682,8.888760143245625e-05,2.662949136217314e-07,0.0,0.0,0.0,0.0,0.0,0.0,0.0,0.0,0.0,0.0005684924810532682,8.888760143245625e-05,2.662949136217314e-07,0.0,0.0,0.0,0.0,0.0,0.0,0.0,0.0,0.0,0.0,0.0,0.0,0.0,0.0,0.0,0.0,0.0,0.0,2400
"(100.0, 200.0]","(1.0, 1.41]",276169,0.0008279131664051706,0.00022413526346146042,7.35852503684916e-07,6660.0,0.0007865151996517122,0.00018580105661283124,5.97541823181707e-07,390.0,2.2928701711761557e-05,1.9873273635716646e-05,7.743385872905806e-08,139.0,1.7154454775753147e-05,1.714875256750039e-05,5.5759317257043664e-08,11.0,1.3148102659440061e-06,1.3121806454121176e-06,5.117504517107257e-09,5500.0,0.0008279126674243517,0.0002241348760914292,7.358472929898639e-07,0.00213999398918778,0.0005695353207637352,1.8940358983086442e-06,0.002006018054162487,0.0004459334682748605,1.4524457850084545e-06,7.241942433799593e-05,6.204534180157801e-05,2.4460927910084054e-07,6.155651068729656e-05,6.155651068729656e-05,1.9698083419934898e-07,0.0,0.0,0.0,0.00213999398918778,0.0005695353207637352,1.8940358983086442e-06,0.0002932986685688836,9.736429505121854e-05,2.82356455648534e-07,0.0002932986685688836,9.736429505121854e-05,2.82356455648534e-07,0.0,0.0,0.0,0.0,0.0,0.0,0.0,0.0,0.0,0.0002932986685688836,9.736429505121854e-05,2.82356455648534e-07,7200
"(100.0, 200.0]","(1.41, 2.0]",552333,0.0030354958796849716,0.0007177852517830164,2.550651676582897e-06,39726.0,0.002783487363086983,0.0005326812589654097,1.8791283389089888e-06,870.0,0.00014849734260119956,9.125721475463183e-05,3.2129732538814187e-07,353.0,8.33133935656396e-05,7.51287577045908e-05,2.749891397455113e-07,51.0,2.0197780431149877e-05,1.871802035838437e-05,7.52368725402548e-08,16500.0,0.0029865606061040655,0.0006994113199884584,2.3173539593696244e-06,0.0069414646599062525,0.0015929538883246155,5.825914982447184e-06,0.00644357661048679,0.0012249168526957468,4.467562865155623e-06,0.00030416433564534436,0.00019242739434362964,7.022884745253318e-07,0.00016475568180789488,0.00014876894916653535,5.487008742914146e-07,2.896803196622327e-05,2.6840692118703743e-05,1.0736276847481504e-07,0.006794813998077248,0.0015388198785877358,5.14250660380604e-06,0.0008273994130352523,0.00012034225729768086,3.585490999089314e-07,0.0008273994130352523,0.00012034225729768086,3.585490999089314e-07,0.0,0.0,0.0,0.0,0.0,0.0,0.0,0.0,0.0,0.0008273994130352523,0.00012034225729768086,3.585490999089314e-07,41000
"(100.0, 200.0]","(2.0, 2.83]",2636956,0.011919456416647885,0.0029753042031509646,1.5076357631706499e-05,474328.0,0.01115737505515888,0.0023013901938174876,1.0771151948171404e-05,11421.0,0.0004984792414050468,0.0004205850203728296,2.3924778429091288e-06,2809.0,0.00022178518316318368,0.0002125024316200754,1.5711234698498006e-06,342.0,4.181693692077296e-05,4.082655734057082e-05,3.4160437077616716e-07,133900.0,0.010602740277081328,0.0025310748460514896,9.232343044783942e-06,0.025914349727488812,0.006323299289028716,3.419328358152354e-05,0.024493772364802446,0.005073868505959144,2.5679042843339065e-05,0.0009905360574844631,0.0008363131580504192,5.179022403104185e-06,0.00036443535652472015,0.0003489845867735372,2.7075122603486755e-06,6.560594867718688e-05,6.413303824561348e-05,6.277060747316222e-07,0.022120202233180987,0.005139723984776389,1.8680120790790606e-05,0.005650075314112182,0.0014499392481330752,5.356629765532682e-06,0.0053497290057171985,0.001188476789146272,4.351802874223155e-06,0.0001922671443892124,0.0001578718037009339,5.43835088640083e-07,8.191262956226802e-05,7.806501132366251e-05,3.447076477574899e-07,2.616653444350228e-05,2.552564396220491e-05,1.162841549119515e-07,0.005649316863838456,0.0014492376816298796,5.3483512807949775e-06,488900
"(100.0, 200.0]","(2.83, 4.0]",1077945,0.0285629540394472,0.006996210478672628,6.077294231089059e-05,458157.0,0.027054511236012085,0.0057291370569428,4.7492613208482254e-05,6600.0,0.000972066636263892,0.0007640809478119151,7.540999294545006e-06,1854.0,0.00046205383806976677,0.0004290722609934304,4.752199387664653e-06,189.0,7.432232910145926e-05,7.392021292448383e-05,9.871304201987002e-07,69700.0,0.016456130445319742,0.0036527979292012417,1.436031588382632e-05,0.06253101967169011,0.015116068073974092,0.00013761677200599292,0.05977299398392312,0.012817559337443009,0.00011243908075087323,0.0017941546182782978,0.001405152396458075,1.423621715393642e-05,0.0008367773866013572,0.000767363826540315,9.133655427688789e-06,0.00012709368288734584,0.00012599251353269413,1.8078186734944736e-06,0.03312877744226281,0.00728499042158923,2.8515514984530762e-05,0.012847594265013524,0.0028342791144260614,1.416625133935405e-05,0.012196355101605369,0.0022751726665089594,9.613231843925249e-06,0.00036272722634271695,0.00027974989447513554,2.178822017820946e-06,0.00024862121907889546,0.00023946583545542672,1.9598906252174256e-06,3.989071798653922e-05,3.989071798653922e-05,4.14306852390428e-07,0.012213053541692758,0.0024955197157554418,9.529632587933526e-06,466800
"(100.0, 200.0]","(4.0, 5.66]",409926,0.0699948737695018,0.016827632980167227,0.00018225426157780534,291594.0,0.06715661697161295,0.014539537174492728,0.00015782576565728543,3046.0,0.0023920618542336933,0.0018693917952101612,2.007447805267011e-05,556.0,0.0004461949436526936,0.0004187040104619481,4.354017867806177e-06,4.0,2.4416585747551693e-15,2.3902849650558637e-15,4.350318636401674e-17,25200.0,0.02413198690866889,0.005338811337682627,2.0805072810742873e-05,0.15326668715817002,0.035815686245810226,0.0004055328129955164,0.14838043939637885,0.03186439259768837,0.0003616923656952719,0.004169045144733441,0.0032763376804593983,3.625175275537536e-05,0.0007172026170577128,0.0006749559676624563,7.588694544869074e-06,0.0,0.0,0.0,0.0459595146441065,0.009935681074145091,3.86901528568571e-05,0.03574791547742763,0.008620773017569028,6.515597180954612e-05,0.0338134199831189,0.007034923376414281,5.1920445153515535e-05,0.0015490600742573055,0.0012226962915257873,1.0347458565692342e-05,0.0003854354200514239,0.0003631533496289573,2.888068090338256e-06,0.0,0.0,0.0,0.023226143255124097,0.005120165590862741,1.9831664251596636e-05,295200
"(100.0, 200.0]","(5.66, 8.0]",562121,0.1775561413204934,0.04316803252930642,0.000561344062030665,511084.0,0.17044722098137466,0.037031544252905384,0.0004740681458415309,6347.0,0.005455780151549062,0.004583174818792765,6.245766671960281e-05,1349.0,0.0014087166999901333,0.0013151802228981786,2.0667322535889077e-05,220.0,0.00024442348757954316,0.00023813323471007843,4.150926933642271e-06,41700.0,0.03658302030493657,0.008878515332596825,5.010896469053553e-05,0.37464709555416004,0.08871619277699998,0.001176337861421296,0.36299480005194606,0.0786790886659634,0.0010326656538360963,0.009254235298094183,0.007785875283079619,0.00010768699425924309,0.002074286497035336,0.0019359230485962986,3.0468180338396892e-05,0.0003237737070844178,0.00031530577936067137,5.517032987559618e-06,0.06743921682342414,0.016188028911924657,9.084877295101946e-05,0.10410569966252818,0.02707899011067012,0.0002837132620912579,0.09825642521805805,0.021992675954109527,0.0002206782210591671,0.004429651267253846,0.003724573534879499,4.239202289186847e-05,0.0011438818332707727,0.0010922132423446193,1.6065214073126606e-05,0.00027574134394552064,0.00026952737933647736,4.577804067095876e-06,0.04948222891512682,0.01216869677524946,7.127598132786361e-05,519000
"(100.0, 200.0]","(8.0, 11.31]",636635,0.3297537896973357,0.07256606570287163,0.0010322504714141264,618655.0,0.32364478831606047,0.06737280635694283,0.0009570299036343043,5095.0,0.004748532213033795,0.003899185850876479,5.581626622655109e-05,1105.0,0.0011910673753258282,0.0011317087515184852,1.6683220925313463e-05,145.0,0.0001694017929156429,0.00016236474353384758,2.7210806279578962e-06,58300.0,0.05008623031973355,0.011490989757488948,8.765030511959505e-05,0.6526958147132973,0.1416119566156432,0.0020440259638568412,0.6430120869886199,0.13342857367251248,0.0019253629533406112,0.00772970383343674,0.006330624298067178,9.085957746589485e-05,0.0017294053892732886,0.0016376008230775862,2.417912320246295e-05,0.0002246185019673753,0.00021515782198591022,3.6243098478720137e-06,0.08970603249899864,0.020377791041962825,0.0001548533489362037,0.2571976093051749,0.06071093483707304,0.0007674980016807121,0.2494930376118184,0.05405354088292348,0.0006757170312659531,0.006135383697094882,0.005147940342582486,7.077264759241953e-05,0.0014466688133702985,0.0013912854304271676,1.949457067236328e-05,0.00012251918289129564,0.00011816818113989961,1.5137521499760456e-06,0.08030661210897924,0.018261028689908664,0.00014043747312039088,625000
"(100.0, 200.0]","(11.31, 16.0]",986242,0.4596784437127022,0.09877609492819808,0.0015011339597536106,973687.0,0.4529658291916448,0.09319568827658663,0.001416555145712931,8518.0,0.005210090727178066,0.004140950286077598,6.085335521558486e-05,2013.0,0.001360770778835818,0.0013007604786417332,2.1293662926646382e-05,182.0,0.00014175301504357025,0.00013869588689210236,2.431795898448543e-06,129700.0,0.07251677617059936,0.01675017039344888,0.00016947321370486601,0.8576617098034762,0.1825950030519892,0.0028018832186217993,0.8471105469043095,0.1738385031260076,0.0026683596866691954,0.008364072915166866,0.006659918153962214,9.857506504488758e-05,0.002002551098006372,0.0019160216255239592,3.17823968153861e-05,0.0001845388859934986,0.00018056014649548487,3.166070092330279e-06,0.12866213363454407,0.02947823759280177,0.00029957954214077277,0.5366299549197864,0.11884073989953783,0.0016932620555604003,0.5271495231393513,0.11100227834547707,0.0015777142517759332,0.007530606078426997,0.005973845161735152,8.564695368885121e-05,0.0017804960648603498,0.001699265494675749,2.7069282082896512e-05,0.0001693296371478806,0.00016535089764986685,2.8315680127189867e-06,0.12451102264961335,0.02863167153700613,0.0002877257761279686,984400
"(200.0, 400.0]","(0.5, 0.71]",636969,2.815486028224038e-05,3.812358566214239e-06,6.498539322433226e-09,2763.0,2.8154858586190827e-05,3.81235718242624e-06,6.498535862963726e-09,37.0,1.696049553365883e-12,1.3837879988937364e-12,3.4594694994854827e-15,0.0,0.0,0.0,0.0,0.0,0.0,0.0,0.0,2800.0,2.815486028224038e-05,3.812358566214239e-06,6.498539322433226e-09,0.0001177451335936286,1.5886173424452343e-05,2.7006494821569058e-08,0.0001177451335936286,1.5886173424452343e-05,2.7006494821569058e-08,0.0,0.0,0.0,0.0,0.0,0.0,0.0,0.0,0.0,0.0001177451335936286,1.5886173424452343e-05,2.7006494821569058e-08,0.0,0.0,0.0,0.0,0.0,0.0,0.0,0.0,0.0,0.0,0.0,0.0,0.0,0.0,0.0,0.0,0.0,0.0,2800
"(200.0, 400.0]","(0.71, 1.0]",636969,0.00021897506810723868,1.7785973978236692e-05,3.098126378662788e-08,6384.0,0.000218971068422471,1.7784513232130417e-05,3.097790407058345e-08,16.0,3.999684767688087e-09,1.460746106275087e-09,3.3597160444326987e-12,0.0,0.0,0.0,0.0,0.0,0.0,0.0,0.0,6300.0,0.00021897505843661993,1.7785971748601054e-05,3.098124483472495e-08,0.000835205480957472,6.596867351472364e-05,1.1596419919964713e-07,0.000835205480957472,6.596867351472364e-05,1.1596419919964713e-07,0.0,0.0,0.0,0.0,0.0,0.0,0.0,0.0,0.0,0.000835205480957472,6.596867351472364e-05,1.1596419919964713e-07,0.0,0.0,0.0,0.0,0.0,0.0,0.0,0.0,0.0,0.0,0.0,0.0,0.0,0.0,0.0,0.0,0.0,0.0,6400
"(200.0, 400.0]","(1.0, 1.41]",636969,0.002013109519622185,0.00023079545438564023,4.536974182904442e-07,17972.0,0.00199253391777355,0.0002140389963263718,4.1850787477414817e-07,128.0,2.0575601848634547e-05,1.6756458059268487e-05,3.518954351629588e-08,0.0,0.0,0.0,0.0,0.0,0.0,0.0,0.0,10700.0,0.0020118686628679645,0.00023063647269675234,4.524505551821985e-07,0.004541822286484899,0.0005558559364741454,1.1056184837880647e-06,0.004507283713964102,0.0005277289789612994,1.0465518730110882e-06,3.453857252079771e-05,2.8126957512845994e-05,5.9066610776976596e-08,0.0,0.0,0.0,0.0,0.0,0.0,0.004541822286484899,0.0005558559364741454,1.1056184837880647e-06,0.00043173215650997137,3.155883567332167e-05,6.257384582295234e-08,0.00043173215650997137,3.155883567332167e-05,6.257384582295234e-08,0.0,0.0,0.0,0.0,0.0,0.0,0.0,0.0,0.0,0.00043173215650997137,3.155883567332167e-05,6.257384582295234e-08,18100
"(200.0, 400.0]","(1.41, 2.0]",636969,0.004896924003689399,0.00065678622005777,1.5322842380987009e-06,46171.0,0.004833827220522118,0.0006327503999222544,1.483173422774943e-06,629.0,6.309678316728045e-05,2.4035820135515516e-05,4.9110815323758445e-08,0.0,0.0,0.0,0.0,0.0,0.0,0.0,0.0,15900.0,0.004630580230144342,0.000620474401776441,1.3051120673895367e-06,0.01041180967990593,0.0013746430360033215,3.2111616106906297e-06,0.010275225324937323,0.0013330036469592715,3.1309719939274906e-06,0.00013658435496860915,4.1639389044050826e-05,8.018961676313918e-08,0.0,0.0,0.0,0.0,0.0,0.0,0.009830933687510694,0.0012875775744188495,2.696846628328851e-06,0.0016562815458837084,0.000249858313355909,5.432840530700868e-07,0.0016562815458837084,0.000249858313355909,5.432840530700868e-07,0.0,0.0,0.0,0.0,0.0,0.0,0.0,0.0,0.0,0.0016484318703107997,0.0002493245354169512,5.401881410241317e-07,46800
"(200.0, 400.0]","(2.0, 2.83]",1273934,0.013223282590357934,0.0015761319923520661,5.28102243653922e-06,230831.0,0.01306800258425925,0.0014773145220755893,4.782592125228391e-06,1869.0,0.00015528000609868123,9.881747027647655e-05,4.984303113108271e-07,0.0,0.0,0.0,0.0,0.0,0.0,0.0,0.0,52700.0,0.011451493504839531,0.0012918133639997693,2.9318969356845134e-06,0.028823314237629252,0.0034556735278279726,1.2576387944744388e-05,0.028527380539337198,0.0032658175384282073,1.1503097099221775e-05,0.0002959336982920622,0.00018985598939976484,1.0732908455226095e-06,0.0,0.0,0.0,0.0,0.0,0.0,0.023536541139493883,0.0026618058706338005,6.035567619672604e-06,0.006810399910827404,0.000809169077832918,1.817041934668515e-06,0.006748387279089812,0.0007800631743873708,1.7544491315876652e-06,6.201263173759395e-05,2.910590344554741e-05,6.259280308085034e-08,0.0,0.0,0.0,0.0,0.0,0.0,0.006789205720233544,0.0008047630410994608,1.781793640800858e-06,232700
"(200.0, 400.0]","(2.83, 4.0]",1425380,0.03181841808883989,0.004383178155021187,2.3871610046718286e-05,627830.0,0.031291608533618474,0.004063992119013931,2.1527870040456014e-05,3567.0,0.0005268036437363523,0.00031918036142783847,2.3436486547976103e-06,3.0,5.911485056670305e-09,5.6745794163428285e-09,9.135146465976225e-11,0.0,0.0,0.0,0.0,82500.0,0.017336859997052794,0.002188945488770756,5.40654649990448e-06,0.0687669253111451,0.009415939609086698,5.418764694327127e-05,0.0677847310892534,0.00881324559064951,4.950210154485121e-05,0.000982194221891706,0.0006026940184371885,4.685545398420069e-06,0.0,0.0,0.0,0.0,0.0,0.0,0.03409055830725841,0.00424195863559191,1.0466364829028047e-05,0.015550239234449759,0.0019817494282226497,6.221733011547797e-06,0.015350292553564663,0.0018654997263887532,5.821649104098554e-06,0.0001999466808850973,0.00011624970183389694,4.0008390744924166e-07,0.0,0.0,0.0,0.0,0.0,0.0,0.014095890218748684,0.0017599320882852297,4.425860191668187e-06,631400
"(200.0, 400.0]","(4.0, 5.66]",936276,0.08723311447617459,0.011485130086195023,8.321360082114052e-05,692087.0,0.08594919611263337,0.010718146856594972,7.645155743199003e-05,2913.0,0.0012839183635412403,0.0007669832296000555,6.762043389150489e-06,0.0,0.0,0.0,0.0,0.0,0.0,0.0,0.0,60000.0,0.027518412484321873,0.003422972234732909,8.878068976571901e-06,0.18780039219204595,0.02452448102909826,0.00018420923071829238,0.18555105545800596,0.02318320879740589,0.00017212475893860354,0.0022493367340399627,0.0013412722316923646,1.2084471779688895e-05,0.0,0.0,0.0,0.0,0.0,0.0,0.05210215791070155,0.0064656308609854374,1.677115925218631e-05,0.04892360799593282,0.006310305935429297,3.110752844246783e-05,0.04800827960985863,0.00584849232491274,2.8112615617617018e-05,0.0009153283860741918,0.0004618136105165571,2.994912824850791e-06,0.0,0.0,0.0,0.0,0.0,0.0,0.03131982449619557,0.0038784567798384236,1.015188032161457e-05,695000
"(200.0, 400.0]","(5.66, 8.0]",1321163,0.2019252207376476,0.024360021605201284,0.0001997077431225767,1220033.0,0.20076524137249702,0.023652569625024673,0.00019399096861519823,3166.0,0.001159450224007254,0.0007070366043790952,5.712454599084355e-06,1.0,5.291411433333282e-07,4.1537579751666247e-07,4.319908294173289e-09,0.0,0.0,0.0,0.0,92400.0,0.03556674826445353,0.004447868665138511,1.4009992753425938e-05,0.42500963166543415,0.05049556640626477,0.0004236648439291744,0.42300003860235263,0.04928024248332717,0.00041362093027128374,0.002008836154206559,0.001214729749470731,1.0037734253835442e-05,7.569088749836315e-07,5.941734668621512e-07,6.1794040553663715e-09,0.0,0.0,0.0,0.06567925380895467,0.008141246008251826,2.558746982771996e-05,0.12011841082440244,0.015251692637471686,0.00010044252798481338,0.1190390587686758,0.01461530787646944,9.659877887891198e-05,0.0010793520557266587,0.0006363847610022379,3.843749105901391e-06,0.0,0.0,0.0,0.0,0.0,0.0,0.04761108205422041,0.0060503344401864135,1.9383592259244313e-05,1223200
"(200.0, 400.0]","(8.0, 11.31]",890163,0.36106301068501817,0.04176432145797951,0.0003766768302505244,869038.0,0.3592997699380121,0.04074791477405288,0.0003672227031825421,2762.0,0.0017632407470060357,0.0010164066839266292,9.454127067982236e-06,0.0,0.0,0.0,0.0,0.0,0.0,0.0,0.0,79000.0,0.04880093025492397,0.005890527158459246,2.5724677881642336e-05,0.7042496711276476,0.08068046189293418,0.0007372806144492641,0.701374916728734,0.07902992373306911,0.0007218499596141384,0.0028747543989134585,0.0016505381598651042,1.5430654835125702e-05,0.0,0.0,0.0,0.0,0.0,0.0,0.0873986000316796,0.010530234350338077,4.6075180275971955e-05,0.31356055014643386,0.038697441929174764,0.0003150599850813838,0.3113688167223306,0.03737283396411668,0.0003028257315794971,0.0021917334241032256,0.001324607965058085,1.223425350188673e-05,0.0,0.0,0.0,0.0,0.0,0.0,0.08064702756686135,0.009681550457612815,4.2218449317709234e-05,871800
"(200.0, 400.0]","(11.31, 16.0]",964834,0.4609702574501082,0.05202270802427607,0.0005018335931336989,942644.0,0.4590652504980638,0.05085272749417915,0.0004904029505565169,3055.0,0.0019042823786980846,0.0011693262403652078,1.1422725671428536e-05,1.0,7.245733462958393e-07,6.542897317051433e-07,7.916905753632226e-09,0.0,0.0,0.0,0.0,100500.0,0.05740172664018833,0.007171070346437081,4.1903442260156545e-05,0.8568582782115888,0.09608333039673148,0.0009349873970030076,0.8538183770472434,0.09422000157540057,0.0009167510909648704,0.003038864716624828,0.0018623929090392745,1.8224981499408194e-05,1.0364477205405282e-06,9.359122916480966e-07,1.1324538728941975e-08,0.0,0.0,0.0,0.1020662621756696,0.0126483788921203,7.425281551023284e-05,0.5625724217844728,0.06584591131738719,0.0005989216047527345,0.5597740129390133,0.06411232916750442,0.0005821707678212002,0.0027973723977388868,0.0017326462375911293,1.6739512392805404e-05,1.0364477205405282e-06,9.359122916480966e-07,1.1324538728941975e-08,0.0,0.0,0.0,0.09989283130569611,0.012382209789456011,7.21404148278357e-05,945700
