periodbin,radiusbin,COUNT,GAMMA_mean,GAMMA_OBS_mean,GAMMA_OBS_TRANS_mean,MONO_COUNT,MONO_GAMMA_mean,MONO_GAMMA_OBS_mean,MONO_GAMMA_OBS_TRANS_mean,DUO_COUNT,DUO_GAMMA_mean,DUO_GAMMA_OBS_mean,DUO_GAMMA_OBS_TRANS_mean,TRIO_COUNT,TRIO_GAMMA_mean,TRIO_GAMMA_OBS_mean,TRIO_GAMMA_OBS_TRANS_mean,MULTI_COUNT,MULTI_GAMMA_mean,MULTI_GAMMA_OBS_mean,MULTI_GAMMA_OBS_TRANS_mean,TSM_CUTOFF_COUNT,TSM_CUTOFF_GAMMA_mean,TSM_CUTOFF_GAMMA_OBS_mean,TSM_CUTOFF_GAMMA_OBS_TRANS_mean,TRUE_DUO_COUNT,TRUE_DUO_GAMMA_mean,TRUE_DUO_GAMMA_OBS_mean,TRUE_DUO_GAMMA_OBS_TRANS_mean,THR_7-3_mean,THR_7-3_OBS_mean,THR_7-3_OBS_TRANS_mean,MONO_THR_7-3_mean,MONO_THR_7-3_OBS_mean,MONO_THR_7-3_OBS_TRANS_mean,DUO_THR_7-3_mean,DUO_THR_7-3_OBS_mean,DUO_THR_7-3_OBS_TRANS_mean,TRIO_THR_7-3_mean,TRIO_THR_7-3_OBS_mean,TRIO_THR_7-3_OBS_TRANS_mean,MULTI_THR_7-3_mean,MULTI_THR_7-3_OBS_mean,MULTI_THR_7-3_OBS_TRANS_mean,TSM_CUTOFF_THR_7-3_mean,TSM_CUTOFF_THR_7-3_OBS_mean,TSM_CUTOFF_THR_7-3_OBS_TRANS_mean,TRUE_DUO_THR_7-3_mean,TRUE_DUO_THR_7-3_OBS_mean,TRUE_DUO_THR_7-3_OBS_TRANS_mean,THR_20_mean,THR_20_OBS_mean,THR_20_OBS_TRANS_mean,MONO_THR_20_mean,MONO_THR_20_OBS_mean,MONO_THR_20_OBS_TRANS_mean,DUO_THR_20_mean,DUO_THR_20_OBS_mean,DUO_THR_20_OBS_TRANS_mean,TRIO_THR_20_mean,TRIO_THR_20_OBS_mean,TRIO_THR_20_OBS_TRANS_mean,MULTI_THR_20_mean,MULTI_THR_20_OBS_mean,MULTI_THR_20_OBS_TRANS_mean,TSM_CUTOFF_THR_20_mean,TSM_CUTOFF_THR_20_OBS_mean,TSM_CUTOFF_THR_20_OBS_TRANS_mean,TRUE_DUO_THR_20_mean,TRUE_DUO_THR_20_OBS_mean,TRUE_DUO_THR_20_OBS_TRANS_mean,SIM_COUNT
"(0.78, 1.56]","(0.5, 0.71]",67878,0.0,0.0,0.0,0.0,0.0,0.0,0.0,0.0,0.0,0.0,0.0,0.0,0.0,0.0,0.0,0.0,0.0,0.0,0.0,0.0,0.0,0.0,0.0,0.0,0.0,0.0,0.0,0.0,0.0,0.0,0.0,0.0,0.0,0.0,0.0,0.0,0.0,0.0,0.0,0.0,0.0,0.0,0.0,0.0,0.0,0.0,0.0,0.0,0.0,0.0,0.0,0.0,0.0,0.0,0.0,0.0,0.0,0.0,0.0,0.0,0.0,0.0,0.0,0.0,0.0,0.0,0.0,0.0,0.0,0
"(0.78, 1.56]","(0.71, 1.0]",135755,0.0,0.0,0.0,0.0,0.0,0.0,0.0,0.0,0.0,0.0,0.0,0.0,0.0,0.0,0.0,0.0,0.0,0.0,0.0,0.0,0.0,0.0,0.0,0.0,0.0,0.0,0.0,0.0,0.0,0.0,0.0,0.0,0.0,0.0,0.0,0.0,0.0,0.0,0.0,0.0,0.0,0.0,0.0,0.0,0.0,0.0,0.0,0.0,0.0,0.0,0.0,0.0,0.0,0.0,0.0,0.0,0.0,0.0,0.0,0.0,0.0,0.0,0.0,0.0,0.0,0.0,0.0,0.0,0.0,0
"(0.78, 1.56]","(1.0, 1.41]",271510,0.0002503261225897858,0.0002503261225897858,8.097222858851641e-05,0.0,0.0,0.0,0.0,0.0,0.0,0.0,0.0,0.0,0.0,0.0,0.0,590.0,0.0002503261225897858,0.0002503261225897858,8.097222858851641e-05,300.0,0.00020778783529525432,0.00020778783529525432,6.906600986213187e-05,0.0,0.0,0.0,0.0,0.0005524658391956097,0.0005524658391956097,0.00017727155537549261,0.0,0.0,0.0,0.0,0.0,0.0,0.0,0.0,0.0,0.0005524658391956097,0.0005524658391956097,0.00017727155537549261,0.0004051416154101138,0.0004051416154101138,0.00013607970240506792,0.0,0.0,0.0,0.0,0.0,0.0,0.0,0.0,0.0,0.0,0.0,0.0,0.0,0.0,0.0,0.0,0.0,0.0,0.0,0.0,0.0,0.0,0.0,0.0,600
"(0.78, 1.56]","(1.41, 2.0]",203634,0.0032818725456088046,0.0032818725456088046,0.0011304542928737406,0.0,0.0,0.0,0.0,0.0,0.0,0.0,0.0,0.0,0.0,0.0,0.0,4280.0,0.0032818725456088046,0.0032818725456088046,0.0011304542928737406,100.0,0.00043074001406543164,0.00043074001406543164,0.00015360188901573287,0.0,0.0,0.0,0.0,0.0058585501438855984,0.0058585501438855984,0.0020113055776540254,0.0,0.0,0.0,0.0,0.0,0.0,0.0,0.0,0.0,0.0058585501438855984,0.0058585501438855984,0.0020113055776540254,0.0004910771285738138,0.0004910771285738138,0.00017511810404942209,0.0,0.0,0.0,0.0003388432187159316,0.0003388432187159316,0.00012083149179410125,0.0,0.0,0.0,0.0,0.0,0.0,0.0,0.0,0.0,0.0003388432187159316,0.0003388432187159316,0.00012083149179410125,0.0003388432187159316,0.0003388432187159316,0.00012083149179410125,0.0,0.0,0.0,4300
"(0.78, 1.56]","(2.0, 2.83]",135755,0.03436302516200654,0.03436302516200654,0.011060524648004035,0.0,0.0,0.0,0.0,0.0,0.0,0.0,0.0,0.0,0.0,0.0,0.0,14120.0,0.03436302516200654,0.03436302516200654,0.011060524648004035,1100.0,0.005513921187936383,0.005513921187936383,0.0018096733358063232,0.0,0.0,0.0,0.0,0.04833707782402121,0.04833707782402121,0.015469924496335313,0.0,0.0,0.0,0.0,0.0,0.0,0.0,0.0,0.0,0.04833707782402121,0.04833707782402121,0.015469924496335313,0.006563294169643844,0.006563294169643844,0.002137221465139405,0.0,0.0,0.0,0.0058045744171485395,0.0058045744171485395,0.002068099149202607,0.0,0.0,0.0,0.0,0.0,0.0,0.0,0.0,0.0,0.0058045744171485395,0.0058045744171485395,0.002068099149202607,0.002401384847703584,0.002401384847703584,0.0007809259327464915,0.0,0.0,0.0,14200
"(0.78, 1.56]","(2.83, 4.0]",67878,0.14914766766136558,0.14914766766136558,0.048703428233802165,0.0,0.0,0.0,0.0,0.0,0.0,0.0,0.0,0.0,0.0,0.0,0.0,24230.0,0.14914766766136558,0.14914766766136558,0.048703428233802165,1900.0,0.02338355186273302,0.02338355186273302,0.007723522243133696,0.0,0.0,0.0,0.0,0.19729514717581545,0.19729514717581545,0.06408025133327441,0.0,0.0,0.0,0.0,0.0,0.0,0.0,0.0,0.0,0.19729514717581545,0.19729514717581545,0.06408025133327441,0.026223518665841654,0.026223518665841654,0.00870090456407083,0.0,0.0,0.0,0.03347181708359115,0.03347181708359115,0.010946421520964079,0.0,0.0,0.0,0.0,0.0,0.0,0.0,0.0,0.0,0.03347181708359115,0.03347181708359115,0.010946421520964079,0.0162497421845075,0.0162497421845075,0.005253736114794191,0.0,0.0,0.0,24300
"(0.78, 1.56]","(4.0, 5.66]",42840,0.35030722289843125,0.35030722289843125,0.11849428988756677,0.0,0.0,0.0,0.0,0.0,0.0,0.0,0.0,0.0,0.0,0.0,0.0,31130.0,0.35030722289843125,0.35030722289843125,0.11849428988756677,1800.0,0.03832720429641912,0.03832720429641912,0.013587135931588196,0.0,0.0,0.0,0.0,0.453874883286648,0.453874883286648,0.15475986928104574,0.0,0.0,0.0,0.0,0.0,0.0,0.0,0.0,0.0,0.453874883286648,0.453874883286648,0.15475986928104574,0.041549953314659195,0.041549953314659195,0.014730648926237162,0.0,0.0,0.0,0.11979458450046686,0.11979458450046686,0.040097609710550874,0.0,0.0,0.0,0.0,0.0,0.0,0.0,0.0,0.0,0.11979458450046686,0.11979458450046686,0.040097609710550874,0.028618113912231558,0.028618113912231558,0.010064584500466852,0.0,0.0,0.0,31300
"(0.78, 1.56]","(5.66, 8.0]",51379,0.5348073858864478,0.5348073858864478,0.19046240468573492,0.0,0.0,0.0,0.0,0.0,0.0,0.0,0.0,0.0,0.0,0.0,0.0,41870.0,0.5348073858864478,0.5348073858864478,0.19046240468573492,5600.0,0.09808765637379575,0.09808765637379575,0.03212804459163641,0.0,0.0,0.0,0.0,0.6512777593958621,0.6512777593958621,0.23406689114229548,0.0,0.0,0.0,0.0,0.0,0.0,0.0,0.0,0.0,0.6512777593958621,0.6512777593958621,0.23406689114229548,0.10759259619688978,0.10759259619688978,0.0352181630627299,0.0,0.0,0.0,0.27773993265731134,0.27773993265731134,0.09449777730201053,0.0,0.0,0.0,0.0,0.0,0.0,0.0,0.0,0.0,0.27773993265731134,0.27773993265731134,0.09449777730201053,0.09562272523793768,0.09562272523793768,0.0311342747036727,0.0,0.0,0.0,42100
"(0.78, 1.56]","(8.0, 11.31]",60916,0.7115059659826982,0.7115059659826982,0.26132450618649444,0.0,0.0,0.0,0.0,0.0,0.0,0.0,0.0,0.0,0.0,0.0,0.0,54540.0,0.7115059659826982,0.7115059659826982,0.26132450618649444,16600.0,0.24267491918625494,0.24267491918625494,0.08419376227353217,0.0,0.0,0.0,0.0,0.8131689539694005,0.8131689539694005,0.29987595541401274,0.0,0.0,0.0,0.0,0.0,0.0,0.0,0.0,0.0,0.8131689539694005,0.8131689539694005,0.29987595541401274,0.26554599776741744,0.26554599776741744,0.092084155230153,0.0,0.0,0.0,0.5312889881147809,0.5312889881147809,0.1890119541663931,0.0,0.0,0.0,0.0,0.0,0.0,0.0,0.0,0.0,0.5312889881147809,0.5312889881147809,0.1890119541663931,0.23622693545209797,0.23622693545209797,0.0812820884496684,0.0,0.0,0.0,54700
"(0.78, 1.56]","(11.31, 16.0]",141013,0.8099663243305429,0.8099663243305429,0.309521656852697,0.0,0.0,0.0,0.0,0.0,0.0,0.0,0.0,0.0,0.0,0.0,0.0,131260.0,0.8099663243305429,0.8099663243305429,0.309521656852697,74600.0,0.4840184597091456,0.4840184597091456,0.17359697867792787,0.0,0.0,0.0,0.0,0.8951656939431116,0.8951656939431116,0.3425131874366192,0.0,0.0,0.0,0.0,0.0,0.0,0.0,0.0,0.0,0.8951656939431116,0.8951656939431116,0.3425131874366192,0.5266181132236034,0.5266181132236034,0.18861314914227767,0.0,0.0,0.0,0.762128314410728,0.762128314410728,0.2843925014005801,0.0,0.0,0.0,0.0,0.0,0.0,0.0,0.0,0.0,0.762128314410728,0.762128314410728,0.2843925014005801,0.5071518228815782,0.5071518228815782,0.18075297383929143,0.0,0.0,0.0,131500
"(1.56, 3.13]","(0.5, 0.71]",203634,0.0,0.0,0.0,0.0,0.0,0.0,0.0,0.0,0.0,0.0,0.0,0.0,0.0,0.0,0.0,0.0,0.0,0.0,0.0,0.0,0.0,0.0,0.0,0.0,0.0,0.0,0.0,0.0,0.0,0.0,0.0,0.0,0.0,0.0,0.0,0.0,0.0,0.0,0.0,0.0,0.0,0.0,0.0,0.0,0.0,0.0,0.0,0.0,0.0,0.0,0.0,0.0,0.0,0.0,0.0,0.0,0.0,0.0,0.0,0.0,0.0,0.0,0.0,0.0,0.0,0.0,0.0,0.0,0.0,0
"(1.56, 3.13]","(0.71, 1.0]",543024,2.8931202961076797e-06,2.8931202961076797e-06,5.549486612969025e-07,0.0,0.0,0.0,0.0,0.0,0.0,0.0,0.0,0.0,0.0,0.0,0.0,300.0,2.8931202961076797e-06,2.8931202961076797e-06,5.549486612969025e-07,200.0,2.8930945001133748e-06,2.8930945001133748e-06,5.549416086720596e-07,0.0,0.0,0.0,0.0,0.0,0.0,0.0,0.0,0.0,0.0,0.0,0.0,0.0,0.0,0.0,0.0,0.0,0.0,0.0,0.0,0.0,0.0,0.0,0.0,0.0,0.0,0.0,0.0,0.0,0.0,0.0,0.0,0.0,0.0,0.0,0.0,0.0,0.0,0.0,0.0,0.0,0.0,0.0,0.0,0.0,0.0,300
"(1.56, 3.13]","(1.0, 1.41]",1696944,0.00037864318668835354,0.00037864318668835354,7.208306806803125e-05,0.0,0.0,0.0,0.0,0.0,0.0,0.0,0.0,0.0,0.0,0.0,0.0,5800.0,0.00037864318668835354,0.00037864318668835354,7.208306806803125e-05,600.0,0.00010760923791241508,0.00010760923791241508,2.424690409980068e-05,0.0,0.0,0.0,0.0,0.0006829924853147776,0.0006829924853147776,0.00013128771485682492,0.0,0.0,0.0,0.0,0.0,0.0,0.0,0.0,0.0,0.0006829924853147776,0.0006829924853147776,0.00013128771485682492,0.00021980689993305612,0.00021980689993305612,4.976351606181463e-05,0.0,0.0,0.0,0.0,0.0,0.0,0.0,0.0,0.0,0.0,0.0,0.0,0.0,0.0,0.0,0.0,0.0,0.0,0.0,0.0,0.0,0.0,0.0,0.0,5800
"(1.56, 3.13]","(1.41, 2.0]",950289,0.0025699831465278715,0.0025699831465278715,0.0005451873040678574,0.0,0.0,0.0,0.0,0.0,0.0,0.0,0.0,0.0,0.0,0.0,0.0,18880.0,0.0025699831465278715,0.0025699831465278715,0.0005451873040678574,1100.0,0.0005095966604231898,0.0005095966604231898,0.00011025028200432725,0.0,0.0,0.0,0.0,0.004376563340204927,0.004376563340204927,0.0009147919211944998,0.0,0.0,0.0,0.0,0.0,0.0,0.0,0.0,0.0,0.004376563340204927,0.004376563340204927,0.0009147919211944998,0.0006419099873827856,0.0006419099873827856,0.00013979641982596872,0.0,0.0,0.0,0.0,0.0,0.0,0.0,0.0,0.0,0.0,0.0,0.0,0.0,0.0,0.0,0.0,0.0,0.0,0.0,0.0,0.0,0.0,0.0,0.0,18900
"(1.56, 3.13]","(2.0, 2.83]",271510,0.018321771389479675,0.018321771389479675,0.003908125745434011,0.0,0.0,0.0,0.0,0.0,0.0,0.0,0.0,0.0,0.0,0.0,0.0,28400.0,0.018321771389479675,0.018321771389479675,0.003908125745434011,1000.0,0.0027075325024261128,0.0027075325024261128,0.0005649725921626862,0.0,0.0,0.0,0.0,0.02861036425914331,0.02861036425914331,0.00606024566314316,0.0,0.0,0.0,0.0,0.0,0.0,0.0,0.0,0.0,0.02861036425914331,0.02861036425914331,0.00606024566314316,0.0033810909358771325,0.0033810909358771325,0.0007137077824021211,0.0,0.0,0.0,0.002312990313432286,0.002312990313432286,0.0004914463555670141,0.0,0.0,0.0,0.0,0.0,0.0,0.0,0.0,0.0,0.002312990313432286,0.002312990313432286,0.0004914463555670141,0.0012743545357445398,0.0012743545357445398,0.00025898419947699886,0.0,0.0,0.0,28400
"(1.56, 3.13]","(2.83, 4.0]",203634,0.09342096559606085,0.09342096559606085,0.019576902119297412,0.0,0.0,0.0,0.0,0.0,0.0,0.0,0.0,0.0,0.0,0.0,0.0,69700.0,0.09342096559606085,0.09342096559606085,0.019576902119297412,3600.0,0.01376742157036029,0.01376742157036029,0.0029940227546401254,0.0,0.0,0.0,0.0,0.13299350796036025,0.13299350796036025,0.02790477523399825,0.0,0.0,0.0,0.0,0.0,0.0,0.0,0.0,0.0,0.13299350796036025,0.13299350796036025,0.02790477523399825,0.016401976094365382,0.016401976094365382,0.0035707445711423416,0.0,0.0,0.0,0.01456043686221358,0.01456043686221358,0.0029644091851066126,0.0,0.0,0.0,0.0,0.0,0.0,0.0,0.0,0.0,0.01456043686221358,0.01456043686221358,0.0029644091851066126,0.007994735653181689,0.007994735653181689,0.0017324150191029,0.0,0.0,0.0,69700
"(1.56, 3.13]","(4.0, 5.66]",127403,0.23879013626036286,0.23879013626036286,0.05077753799527527,0.0,0.0,0.0,0.0,0.0,0.0,0.0,0.0,0.0,0.0,0.0,0.0,87580.0,0.23879013626036286,0.23879013626036286,0.05077753799527527,2700.0,0.015615886804674347,0.015615886804674347,0.00333074098493278,0.0,0.0,0.0,0.0,0.3254554445342731,0.3254554445342731,0.06945601673429982,0.0,0.0,0.0,0.0,0.0,0.0,0.0,0.0,0.0,0.3254554445342731,0.3254554445342731,0.06945601673429982,0.01947363876831786,0.01947363876831786,0.004134401073758075,0.0,0.0,0.0,0.07031231603651406,0.07031231603651406,0.014521333877538204,0.0,0.0,0.0,0.0,0.0,0.0,0.0,0.0,0.0,0.07031231603651406,0.07031231603651406,0.014521333877538204,0.014552247592285895,0.014552247592285895,0.003118257811825468,0.0,0.0,0.0,87600
"(1.56, 3.13]","(5.66, 8.0]",154254,0.5110465079903974,0.5110465079903974,0.11312951647534816,0.0,0.0,0.0,0.0,0.0,0.0,0.0,0.0,0.0,0.0,0.0,0.0,141080.0,0.5110465079903974,0.5110465079903974,0.11312951647534816,13700.0,0.07438052306560018,0.07438052306560018,0.01572230573538368,0.0,0.0,0.0,0.0,0.644644547305094,0.644644547305094,0.14333994580367448,0.0,0.0,0.0,0.0,0.0,0.0,0.0,0.0,0.0,0.644644547305094,0.644644547305094,0.14333994580367448,0.0847433453913675,0.0847433453913675,0.01794449220117469,0.0,0.0,0.0,0.2383536245413409,0.2383536245413409,0.05141810779623221,0.0,0.0,0.0,0.0,0.0,0.0,0.0,0.0,0.0,0.2383536245413409,0.2383536245413409,0.05141810779623221,0.07345028329897445,0.07345028329897445,0.015492026138706292,0.0,0.0,0.0,141100
"(1.56, 3.13]","(8.0, 11.31]",179298,0.6837113790569594,0.6837113790569594,0.1579069248249225,0.0,0.0,0.0,0.0,0.0,0.0,0.0,0.0,0.0,0.0,0.0,0.0,168800.0,0.6837113790569594,0.6837113790569594,0.1579069248249225,34100.0,0.1667511110313363,0.1667511110313363,0.03596234093764714,0.0,0.0,0.0,0.0,0.8137737174982431,0.8137737174982431,0.1888356741291035,0.0,0.0,0.0,0.0,0.0,0.0,0.0,0.0,0.0,0.8137737174982431,0.8137737174982431,0.1888356741291035,0.1878269696259858,0.1878269696259858,0.040564585773405146,0.0,0.0,0.0,0.45620698501935336,0.45620698501935336,0.10195730181039388,0.0,0.0,0.0,0.0,0.0,0.0,0.0,0.0,0.0,0.45620698501935336,0.45620698501935336,0.10195730181039388,0.1707715646577207,0.1707715646577207,0.03662829423641088,0.0,0.0,0.0,168800
"(1.56, 3.13]","(11.31, 16.0]",416067,0.8105332185643477,0.8105332185643477,0.19388131706314124,0.0,0.0,0.0,0.0,0.0,0.0,0.0,0.0,0.0,0.0,0.0,0.0,407870.0,0.8105332185643477,0.8105332185643477,0.19388131706314124,174900.0,0.3708923863309625,0.3708923863309625,0.08256826850471087,0.0,0.0,0.0,0.0,0.931059180372392,0.931059180372392,0.22340858251195111,0.0,0.0,0.0,0.0,0.0,0.0,0.0,0.0,0.0,0.931059180372392,0.931059180372392,0.22340858251195111,0.4172020371718978,0.4172020371718978,0.09282175490966599,0.0,0.0,0.0,0.7353431057978643,0.7353431057978643,0.17141934207711745,0.0,0.0,0.0,0.0,0.0,0.0,0.0,0.0,0.0,0.7353431057978643,0.7353431057978643,0.17141934207711745,0.393636121105495,0.393636121105495,0.08729858940987871,0.0,0.0,0.0,407900
"(3.13, 6.25]","(0.5, 0.71]",746655,0.0,0.0,0.0,0.0,0.0,0.0,0.0,0.0,0.0,0.0,0.0,0.0,0.0,0.0,0.0,0.0,0.0,0.0,0.0,0.0,0.0,0.0,0.0,0.0,0.0,0.0,0.0,0.0,0.0,0.0,0.0,0.0,0.0,0.0,0.0,0.0,0.0,0.0,0.0,0.0,0.0,0.0,0.0,0.0,0.0,0.0,0.0,0.0,0.0,0.0,0.0,0.0,0.0,0.0,0.0,0.0,0.0,0.0,0.0,0.0,0.0,0.0,0.0,0.0,0.0,0.0,0.0,0.0,0.0,0
"(3.13, 6.25]","(0.71, 1.0]",1832701,1.017818568774246e-08,1.017818568774246e-08,1.0041987244334302e-09,0.0,0.0,0.0,0.0,0.0,0.0,0.0,0.0,0.0,0.0,0.0,0.0,200.0,1.017818568774246e-08,1.017818568774246e-08,1.0041987244334302e-09,200.0,1.017818568774246e-08,1.017818568774246e-08,1.0041987244334302e-09,0.0,0.0,0.0,0.0,0.0,0.0,0.0,0.0,0.0,0.0,0.0,0.0,0.0,0.0,0.0,0.0,0.0,0.0,0.0,0.0,0.0,0.0,0.0,0.0,0.0,0.0,0.0,0.0,0.0,0.0,0.0,0.0,0.0,0.0,0.0,0.0,0.0,0.0,0.0,0.0,0.0,0.0,0.0,0.0,0.0,0.0,200
"(3.13, 6.25]","(1.0, 1.41]",5837491,0.0002100550008913596,0.0002100550008913596,2.7255291663017315e-05,0.0,0.0,0.0,0.0,66.0,1.4788937277029258e-16,1.4788937277029258e-16,1.3528289561613664e-17,208.0,5.501411922098726e-14,5.501411922098726e-14,5.056486672247637e-15,14326.0,0.00021005500083619757,0.00021005500083619757,2.72552916579473e-05,1300.0,5.0035381165047304e-05,5.0035381165047304e-05,6.939273534129656e-06,0.0,0.0,0.0,0.0,0.00027066422886133786,0.00027066422886133786,3.5156062767377233e-05,0.0,0.0,0.0,0.0,0.0,0.0,0.0,0.0,0.0,0.00027066422886133786,0.00027066422886133786,3.5156062767377233e-05,7.331917085610926e-05,7.331917085610926e-05,1.01367693757472e-05,0.0,0.0,0.0,0.0,0.0,0.0,0.0,0.0,0.0,0.0,0.0,0.0,0.0,0.0,0.0,0.0,0.0,0.0,0.0,0.0,0.0,0.0,0.0,0.0,14600
"(3.13, 6.25]","(1.41, 2.0]",3665402,0.001490552228787287,0.001490552228787287,0.00019404237416180412,0.0,0.0,0.0,0.0,124.0,1.046677356610741e-13,1.046677356610741e-13,9.70873952180873e-15,965.0,5.836785636829043e-09,5.836785636829043e-09,7.164609668891749e-10,77411.0,0.0014905463918969827,0.0014905463918969827,0.00019404165769112847,2200.0,0.0001860424412445325,0.0001860424412445325,2.467076498046346e-05,0.0,0.0,0.0,0.0,0.002558791641407955,0.002558791641407955,0.0003351686390742406,0.0,0.0,0.0,0.0,0.0,0.0,0.0,0.0,0.0,0.002558791641407955,0.002558791641407955,0.0003351686390742406,0.0002782777987243964,0.0002782777987243964,3.745409098374471e-05,0.0,0.0,0.0,7.475305573576922e-05,7.475305573576922e-05,1.1011616188347154e-05,0.0,0.0,0.0,0.0,0.0,0.0,0.0,0.0,0.0,7.475305573576922e-05,7.475305573576922e-05,1.1011616188347154e-05,0.0,0.0,0.0,0.0,0.0,0.0,78500
"(3.13, 6.25]","(2.0, 2.83]",2715113,0.010769485478543646,0.010769485478543646,0.0013880340454916645,0.0,0.0,0.0,0.0,162.0,4.3120745179734165e-11,4.3120745179734165e-11,4.39315181098139e-12,3368.0,8.930050202232624e-06,8.930050202232624e-06,8.345180858937255e-07,267270.0,0.010760555385220668,0.010760555385220668,0.0013871995230126187,6400.0,0.001513411198469289,0.001513411198469289,0.000200323714598181,0.0,0.0,0.0,0.0,0.016994136155659083,0.016994136155659083,0.002183765574397824,0.0,0.0,0.0,0.0,0.0,0.0,1.5100660635487358e-05,1.5100660635487358e-05,1.420935334919762e-06,0.016979035495023595,0.016979035495023595,0.0021823446390629056,0.0018455953766933458,0.0018455953766933458,0.00024357796526332427,0.0,0.0,0.0,0.0009362409594002165,0.0009362409594002165,0.00012225701103416327,0.0,0.0,0.0,0.0,0.0,0.0,0.0,0.0,0.0,0.0009362409594002165,0.0009362409594002165,0.00012225701103416327,0.0005988701022756696,0.0005988701022756696,7.930524438577693e-05,0.0,0.0,0.0,270800
"(3.13, 6.25]","(2.83, 4.0]",1289677,0.05539544166753312,0.05539544166753312,0.00725881177417806,0.0,0.0,0.0,0.0,295.0,9.334337106602638e-07,9.334337106602638e-07,1.2122292856592077e-07,4872.0,9.573196005813584e-05,9.573196005813584e-05,1.0593734383507797e-05,431323.0,0.05529877627376431,0.05529877627376431,0.007248096816865984,11600.0,0.006202550526724456,0.006202550526724456,0.0008128734436318313,0.0,0.0,0.0,0.0,0.0836170607058977,0.0836170607058977,0.01095638590127606,0.0,0.0,0.0,4.652327675844415e-06,4.652327675844415e-06,6.215509774928136e-07,0.00020392702979118028,0.00020392702979118028,2.3089192100037448e-05,0.08340848134843068,0.08340848134843068,0.010932675158198528,0.007667811397737573,0.007667811397737573,0.0010030489029423642,0.0,0.0,0.0,0.007952378773910057,0.007952378773910057,0.0010237105104611468,0.0,0.0,0.0,0.0,0.0,0.0,0.0,0.0,0.0,0.007952378773910057,0.007952378773910057,0.0010237105104611468,0.003650526449645919,0.003650526449645919,0.0004763954075322736,0.0,0.0,0.0,436500
"(3.13, 6.25]","(4.0, 5.66]",882410,0.17774952141147582,0.17774952141147582,0.023917042471951644,0.0,0.0,0.0,0.0,737.0,5.0448867086259315e-05,5.0448867086259315e-05,5.619227354625667e-06,10130.0,0.0006946211552649242,0.0006946211552649242,7.88584728761601e-05,586313.0,0.17700445138912468,0.17700445138912468,0.023832564771720865,15700.0,0.013512668755866635,0.013512668755866635,0.0018412076226324247,0.0,0.0,0.0,0.0,0.2541369658095443,0.2541369658095443,0.034284868258519285,0.0,0.0,0.0,8.1594723541211e-05,8.1594723541211e-05,9.056787661064586e-06,0.0013338470778889633,0.0013338470778889633,0.0001515719450142224,0.25272152400811415,0.25272152400811415,0.034124239525844015,0.015918903910880428,0.015918903910880428,0.0021650477669110726,0.0,0.0,0.0,0.04659058714203148,0.04659058714203148,0.006216856789927584,0.0,0.0,0.0,0.0,0.0,0.0,0.00015638988678732106,0.00015638988678732106,1.7208553846851243e-05,0.04643419725524416,0.04643419725524416,0.006199648236080735,0.011604582903638897,0.011604582903638897,0.0015750968370712025,0.0,0.0,0.0,597200
"(3.13, 6.25]","(5.66, 8.0]",409109,0.4003152914232445,0.4003152914232445,0.05532356707598489,1.0,3.1178326384904334e-34,3.1178326384904334e-34,4.209074061962085e-35,568.0,6.454413611148472e-05,6.454413611148472e-05,8.038090230492096e-06,7358.0,0.0017814604710811516,0.0017814604710811516,0.00020557073007014166,364473.0,0.39846928681605187,0.39846928681605187,0.055109958255684245,20100.0,0.03985794076654361,0.03985794076654361,0.005322558946563614,0.0,0.0,0.0,0.0,0.5331097580351447,0.5331097580351447,0.07395779633300663,0.0,0.0,0.0,0.00013932717197617258,0.00013932717197617258,1.7788657790466607e-05,0.0035320660264134985,0.0035320660264134985,0.0004079440931389923,0.5294383648367551,0.5294383648367551,0.07353206358207719,0.046356838886458133,0.046356838886458133,0.006190014886008375,0.0,0.0,0.0,0.16124064735803906,0.16124064735803906,0.021693645458789712,0.0,0.0,0.0,4.155371795780586e-05,4.155371795780586e-05,4.8077651677181386e-06,0.0004888672700918336,0.0004888672700918336,5.6699803719791086e-05,0.1607102263699894,0.1607102263699894,0.021632137889902207,0.03743745554363263,0.03743745554363263,0.004964582788450023,0.0,0.0,0.0,372400
"(3.13, 6.25]","(8.0, 11.31]",327634,0.6175291416041196,0.6175291416041196,0.08869816822498945,0.0,0.0,0.0,0.0,411.0,0.0003242671604136161,0.0003242671604136161,3.8183864218415327e-05,5750.0,0.005991572679453898,0.005991572679453898,0.0006827963443851809,310639.0,0.611213301764252,0.611213301764252,0.08797718801638585,44100.0,0.1131661605669401,0.1131661605669401,0.01568157381474102,0.0,0.0,0.0,0.0,0.7691997778008387,0.7691997778008387,0.11102553886348787,0.0,0.0,0.0,0.000613489442487654,0.000613489442487654,7.331351447041514e-05,0.009873822619142091,0.009873822619142091,0.0011332819548642698,0.7587124657392089,0.7587124657392089,0.10981894339415321,0.13053895505350482,0.13053895505350482,0.01805746686851792,0.0,0.0,0.0,0.39216320650481945,0.39216320650481945,0.054793080693700896,0.0,0.0,0.0,0.00017702680429992004,0.00017702680429992004,1.8918366225727486e-05,0.0028415854276418197,0.0028415854276418197,0.0003177042065231325,0.3891445942728777,0.3891445942728777,0.054456458120952025,0.11894675155814112,0.11894675155814112,0.016499857157682048,0.0,0.0,0.0,316800
"(3.13, 6.25]","(11.31, 16.0]",902609,0.7687151795246389,0.7687151795246389,0.11515967295295144,4.0,6.23383146754269e-07,6.23383146754269e-07,7.127656481034645e-08,1201.0,0.0005049893112581353,0.0005049893112581353,6.131983344557812e-05,18476.0,0.010455083984380135,0.010455083984380135,0.0013181504429106618,873449.0,0.7577544828458538,0.7577544828458538,0.11378013140003038,267300.0,0.25446218919006564,0.25446218919006564,0.035592351451933825,0.0,0.0,0.0,0.0,0.9136204048486111,0.9136204048486111,0.1372346382542164,1.107899433752599e-06,1.107899433752599e-06,1.2530342595741894e-07,0.0008807800498333166,0.0008807800498333166,0.00010709011321624311,0.016362566737092146,0.016362566737092146,0.0020849477459232075,0.8963759501622519,0.8963759501622519,0.13504247509165093,0.2927912307544019,0.2927912307544019,0.04092346331578789,0.0,0.0,0.0,0.6712297351344824,0.6712297351344824,0.09756227558112093,0.0,0.0,0.0,0.0002492773725943349,0.0002492773725943349,2.9394676986380583e-05,0.0062729265939072175,0.0062729265939072175,0.0007502822373807483,0.6647075311679806,0.6647075311679806,0.09678259866675382,0.27520554304244693,0.27520554304244693,0.038190990007855,0.0,0.0,0.0,893200
"(6.25, 12.5]","(0.5, 0.71]",678780,0.0,0.0,0.0,0.0,0.0,0.0,0.0,0.0,0.0,0.0,0.0,0.0,0.0,0.0,0.0,0.0,0.0,0.0,0.0,0.0,0.0,0.0,0.0,0.0,0.0,0.0,0.0,0.0,0.0,0.0,0.0,0.0,0.0,0.0,0.0,0.0,0.0,0.0,0.0,0.0,0.0,0.0,0.0,0.0,0.0,0.0,0.0,0.0,0.0,0.0,0.0,0.0,0.0,0.0,0.0,0.0,0.0,0.0,0.0,0.0,0.0,0.0,0.0,0.0,0.0,0.0,0.0,0.0,0.0,0
"(6.25, 12.5]","(0.71, 1.0]",1357555,7.481987652822745e-09,7.481987652822745e-09,5.926165217560638e-10,0.0,0.0,0.0,0.0,0.0,0.0,0.0,0.0,24.0,6.025435177680108e-17,6.025435177680108e-17,4.3027627258004414e-18,576.0,7.481987592568392e-09,7.481987592568392e-09,5.92616517453301e-10,100.0,2.899387957353763e-13,2.899387957353763e-13,2.133949536612369e-14,0.0,0.0,0.0,0.0,0.0,0.0,0.0,0.0,0.0,0.0,0.0,0.0,0.0,0.0,0.0,0.0,0.0,0.0,0.0,0.0,0.0,0.0,0.0,0.0,0.0,0.0,0.0,0.0,0.0,0.0,0.0,0.0,0.0,0.0,0.0,0.0,0.0,0.0,0.0,0.0,0.0,0.0,0.0,0.0,0.0,0.0,600
"(6.25, 12.5]","(1.0, 1.41]",8484724,0.00012099302393371096,0.00012099302393371096,1.0020200803374133e-05,221.0,1.4106529107934756e-19,1.4106529107913031e-19,8.750349225527697e-21,1398.0,3.394791624634279e-11,3.3947916246342776e-11,1.988881996583216e-12,1594.0,6.918065361695758e-08,6.918065361695758e-08,5.299722965893179e-09,21987.0,0.0001209238093321776,0.0001209238093321776,1.0014899091526233e-05,1200.0,8.540135121610416e-06,8.540135121610416e-06,7.218509117822168e-07,15.0,2.284295157599234e-22,2.284295157599234e-22,1.5327620507490855e-23,0.0002004779412977959,0.0002004779412977959,1.6618053810589535e-05,0.0,0.0,0.0,0.0,0.0,0.0,0.0,0.0,0.0,0.0002004779412977959,0.0002004779412977959,1.6618053810589535e-05,1.8739560650411253e-05,1.8739560650411253e-05,1.5650361756021757e-06,0.0,0.0,0.0,0.0,0.0,0.0,0.0,0.0,0.0,0.0,0.0,0.0,0.0,0.0,0.0,0.0,0.0,0.0,0.0,0.0,0.0,0.0,0.0,0.0,25200
"(6.25, 12.5]","(1.41, 2.0]",10724692,0.000869330628604003,0.0008693305558819199,7.036435712044097e-05,1444.0,5.2270606434557454e-08,5.227057867841199e-08,4.970804683049142e-09,15027.0,3.685289951022641e-06,3.6852172595590904e-06,3.4193239075852667e-07,16581.0,2.0746950372026743e-05,2.074695037201119e-05,1.783224122400127e-06,199648.0,0.0008448461176745191,0.0008448461176716712,6.823422980259926e-05,1700.0,4.796873372226743e-05,4.796873372226743e-05,3.988902037403704e-06,623.0,3.6433283751832234e-06,3.6433283751831794e-06,3.3869926968371836e-07,0.001485450584501634,0.001485450584501634,0.00011996193457117464,9.324277098120856e-08,9.324277098120856e-08,8.867387520312937e-09,5.7810518008349315e-06,5.7810518008349315e-06,5.375538989837666e-07,3.459306803402839e-05,3.459306803402839e-05,2.878600150008965e-06,0.0014449832218957897,0.0014449832218957897,0.00011653691313466163,7.46874595559481e-05,7.46874595559481e-05,6.1722331979324e-06,5.7810518008349315e-06,5.7810518008349315e-06,5.375538989837666e-07,5.706457584049966e-05,5.706457584049966e-05,4.969914287515192e-06,9.324277098120856e-08,9.324277098120856e-08,8.867387520312937e-09,5.7810518008349315e-06,5.7810518008349315e-06,5.375538989837666e-07,2.1352594554696757e-05,2.1352594554696757e-05,1.9778003881137058e-06,2.9837686713986757e-05,2.9837686713986757e-05,2.4456926128974145e-06,0.0,0.0,0.0,5.7810518008349315e-06,5.7810518008349315e-06,5.375538989837666e-07,232700
"(6.25, 12.5]","(2.0, 2.83]",7330801,0.007003543424248447,0.007003269699043298,0.0005697744097717213,5040.0,1.7984641863893145e-06,1.7513077868989787e-06,1.1234536414242383e-07,55710.0,4.453118763346467e-05,4.430461893197145e-05,3.2437194616304823e-06,58033.0,0.00012016187149408996,0.00012016187149407606,9.12613780551505e-06,623717.0,0.006837051900934503,0.0068370519008303515,0.0005572922071404334,9000.0,0.0006977498989935851,0.0006975483011522,5.799326160167299e-05,1455.0,4.84985083911325e-07,4.849850839082276e-07,3.602701807925652e-08,0.01151634043810492,0.011515693987601081,0.0009345271773166396,6.411304849224526e-06,6.196457931404767e-06,3.867478055945045e-07,0.00011731323766666153,0.0001168816340806414,8.650281845053491e-06,0.000280187662985259,0.000280187662985259,2.1304820578269696e-05,0.011112428232603777,0.011112428232603777,0.000904185327087722,0.0009544659580856171,0.0009539635573247725,7.901527361061913e-05,1.0912859317828979e-06,1.0912859317828979e-06,8.3497014855539e-08,0.0007839525312445393,0.0007839525312445393,6.497798808070222e-05,0.0,0.0,0.0,1.3641074147286223e-07,1.3641074147286223e-07,1.3095431181394773e-08,1.132209154224757e-05,1.132209154224757e-05,1.032888493358366e-06,0.0007724940289608189,0.0007724940289608189,6.393200415616244e-05,0.00024949524615386505,0.00024949524615386505,2.057813327629545e-05,1.3641074147286223e-07,1.3641074147286223e-07,1.3095431181394773e-08,742500
"(6.25, 12.5]","(2.83, 4.0]",3326012,0.033341339636096444,0.033340207930051456,0.0027495404377313286,8585.0,6.927285629737289e-06,6.871488355250627e-06,4.918982221696495e-07,99621.0,0.00043768912303719697,0.00043661321426669806,3.2503596485692596e-05,94828.0,0.000907167013633423,0.000907167013633423,6.795685067391371e-05,913066.0,0.03198955621379609,0.03198955621379609,0.0026485880923495537,16400.0,0.0030217462937159136,0.0030217462937159136,0.00025888698689458233,2265.0,1.2591412113914246e-05,1.2591412113914246e-05,9.224938109377371e-07,0.05342223660046927,0.05341977659731836,0.004406997856772611,1.7137641114944863e-05,1.6934695364899465e-05,1.1909916440469852e-06,0.0010198399765244386,0.001017582919123563,7.535679459364548e-05,0.0017997529774396485,0.0017997529774396485,0.00013468616469212977,0.050585506005390246,0.050585506005390246,0.00419576390584279,0.003945566041253009,0.003945566041253009,0.00033636129394602304,2.5556131487198483e-05,2.5556131487198483e-05,1.8674917588992465e-06,0.004415498200247022,0.004415498200247022,0.000359990583317198,0.0,0.0,0.0,3.9085848156891805e-06,3.9085848156891805e-06,3.939853494214693e-07,9.230273372435219e-05,9.230273372435219e-05,7.213473673576643e-06,0.004319286881706981,0.004319286881706981,0.0003523831242941999,0.0018048642037370882,0.0018048642037370882,0.00015573115791524503,3.607924445251551e-06,3.607924445251551e-06,3.730593876390103e-07,1116100
"(6.25, 12.5]","(4.0, 5.66]",543024,0.11589768869505802,0.11589364542151692,0.009856949747826254,3368.0,0.0001181337422049914,0.00011808655637506526,7.769451099664285e-06,43663.0,0.003347709168200307,0.003343722808312113,0.00025083701047300306,39957.0,0.00503587625749416,0.005035875001977844,0.000392111603045466,280812.0,0.10739596952715856,0.10739596105485187,0.00920623168320812,5600.0,0.007222257450699717,0.007222257450699717,0.0005963833012947448,890.0,8.096747338066018e-05,8.09671478820343e-05,5.606762998941223e-06,0.1765925631279649,0.1765830165885854,0.014951590967250067,0.0002449247178761897,0.0002449247178761897,1.6213279707710886e-05,0.0070070567783376055,0.006997523129732754,0.0005245045067989629,0.009343970063938242,0.009343968222399014,0.000730156914427355,0.15999661156781284,0.15999660051857742,0.013680716266316036,0.009552063997171392,0.009552063997171392,0.0007829817834939154,0.00014364006010784053,0.0001436382185686084,1.0000899223607055e-05,0.02756600076608032,0.02756600076608032,0.0023095874215504288,0.0,0.0,0.0,0.0003167447479301098,0.0003167447479301098,2.2055931229558917e-05,0.0010717758331123485,0.0010717758331123485,8.623320516220278e-05,0.026177480185037863,0.026177480185037863,0.002201298285158667,0.005940805562921712,0.005940805562921712,0.0005020921727216476,1.4732313857214402e-05,1.4732313857214402e-05,8.235363446182859e-07,367800
"(6.25, 12.5]","(5.66, 8.0]",610901,0.3003666750637883,0.3003483819532711,0.026221216166558106,5288.0,0.00024263703909942568,0.00023989337336368857,1.7885212759545996e-05,68960.0,0.010343938344886085,0.01032888240270338,0.0008147490189787612,58797.0,0.015332852936618922,0.015332826739905417,0.0012720952179906815,417555.0,0.2744472467431838,0.2744467794372987,0.024116486716829113,19700.0,0.024031785895242904,0.024017530342526662,0.002028679900500113,1040.0,0.00017860057516222663,0.00017860057516222663,1.2879037159536507e-05,0.4332993398275662,0.4332691368977952,0.037837117254677914,0.0005565549900884104,0.0005515967398972989,4.060044802676703e-05,0.021329151531917608,0.021304643469236422,0.0016728833865061602,0.028238618041221082,0.02823857875498649,0.0023478833225023367,0.38317501526433906,0.38317431793367496,0.03377575009764266,0.03020784055026919,0.030184743518180523,0.0025339875822760153,0.00038631464017901425,0.00038631464017901425,2.7903375506014883e-05,0.10721377113476652,0.10719203438855068,0.009098982334617233,5.401857256740455e-05,5.126035151358405e-05,3.5522253196508115e-06,0.0026632793202171876,0.0026443007950551723,0.0002001786692115416,0.004733991268634363,0.004733991268634363,0.00037693783444453375,0.09976248197334757,0.09976248197334757,0.008518313605641507,0.02486163879253758,0.024839934784850574,0.0020871351024143027,5.401857256740454e-05,5.401857256740454e-05,3.5869969111198065e-06,550600
"(6.25, 12.5]","(8.0, 11.31]",684219,0.5110135477282163,0.5109425272690035,0.046045423711476956,7965.0,0.0011956040289234763,0.0011849614251725849,8.525062014574935e-05,91588.0,0.03128385920034006,0.03122397080785214,0.0024501029460641866,75544.0,0.038325597789387454,0.038325512185844436,0.003255642216336447,495593.0,0.44020848670956525,0.4402080828501344,0.04025442792893058,54200.0,0.061051867868830705,0.06103215178524372,0.005300979763636657,1347.0,0.0006087169529664881,0.0006086460350467476,4.707574321919701e-05,0.69998494634028,0.6998328035322025,0.06308838564041627,0.0026102753650512484,0.002587975487380502,0.000187309906185008,0.061218703368365976,0.061089531275804985,0.004830224587887796,0.06495873397260231,0.06495860097424946,0.005571839353481853,0.5711972336342603,0.5711966957947674,0.052499011792861636,0.0764462840114057,0.07641349041754177,0.006609258913301153,0.0011911390943542927,0.0011908862513318103,9.254829184807789e-05,0.2984760727194071,0.2984486122133411,0.025892052278437168,0.0004720710766582044,0.000462369504500752,3.452017789625837e-05,0.012602690074376772,0.012585204444775726,0.0009750995558439615,0.018254389311024688,0.018254345465413848,0.0015094095267743223,0.2671469222573475,0.2671466927986508,0.02337302301792263,0.0671407838718305,0.0671217914147371,0.005782028312426285,0.00031422687765174606,0.0003142224930906625,2.4024921406742577e-05,670700
"(6.25, 12.5]","(11.31, 16.0]",1374499,0.6670910498826177,0.6669422745685942,0.06280277200584032,15879.0,0.0034173731945756902,0.0033813600842397757,0.0002553689612271844,178928.0,0.0551140840703854,0.05500843584809861,0.004612647484572761,148876.0,0.057820205065465174,0.05781964761932878,0.0052393520710590485,1011797.0,0.5507393875521918,0.5507328310169275,0.0526954034889813,280100.0,0.16271542571739006,0.16269278865701065,0.014470083549656386,2437.0,0.000843031600702136,0.000842258969342276,6.718395074421867e-05,0.8710722961602737,0.8708040595155034,0.08196178802283596,0.006937073071715585,0.006863008267012199,0.0005216922988667143,0.09688184567613363,0.09669703579267791,0.008188894908981385,0.08891312398190175,0.08891230550185923,0.008130205724049273,0.6783402534305227,0.6783317099539541,0.0651209950909386,0.20131989910505574,0.20128349675045237,0.017829210099534448,0.0014317944210945224,0.0014305597894214545,0.00011482161012849045,0.5702739689152194,0.5701843275258838,0.0517673629422066,0.001938160740749903,0.0019246016184806247,0.00014064983052006587,0.039052047327789975,0.03898477627120864,0.0031383080213954312,0.04459588548263768,0.04459521905799859,0.0038730061831983875,0.48468787536404173,0.4846797305781961,0.044615398907092735,0.18692192573439487,0.18689192644010655,0.016479166118636677,0.0006795203197674207,0.0006784341058087346,5.273357732526542e-05,1355500
"(12.5, 25.0]","(0.5, 0.71]",644840,0.0,0.0,0.0,0.0,0.0,0.0,0.0,0.0,0.0,0.0,0.0,0.0,0.0,0.0,0.0,0.0,0.0,0.0,0.0,0.0,0.0,0.0,0.0,0.0,0.0,0.0,0.0,0.0,0.0,0.0,0.0,0.0,0.0,0.0,0.0,0.0,0.0,0.0,0.0,0.0,0.0,0.0,0.0,0.0,0.0,0.0,0.0,0.0,0.0,0.0,0.0,0.0,0.0,0.0,0.0,0.0,0.0,0.0,0.0,0.0,0.0,0.0,0.0,0.0,0.0,0.0,0.0,0.0,0.0,0
"(12.5, 25.0]","(0.71, 1.0]",1289677,2.8579923867816276e-05,2.8579923867816276e-05,1.8571368256329581e-06,56.0,2.173206950903767e-06,2.173206950903767e-06,1.4125845155528198e-07,148.0,2.6371213057372684e-05,2.6371213057372684e-05,1.7141280338023632e-06,62.0,1.8470570097083454e-09,1.8470570097083454e-09,9.105991057859453e-11,34.0,3.365680253010566e-08,3.365680253010566e-08,1.6592803647342088e-09,0.0,0.0,0.0,0.0,113.0,2.6371168754977415e-05,2.6371168754977415e-05,1.7141258496942762e-06,4.57478888124701e-05,4.57478888124701e-05,2.973612772810554e-06,3.876939729870347e-06,3.876939729870347e-06,2.520010824415727e-07,4.187094908259976e-05,4.187094908259976e-05,2.7216116903689826e-06,0.0,0.0,0.0,0.0,0.0,0.0,0.0,0.0,0.0,4.187094908259976e-05,4.187094908259976e-05,2.7216116903689826e-06,4.57478888124701e-05,4.57478888124701e-05,2.973612772810554e-06,3.876939729870347e-06,3.876939729870347e-06,2.520010824415727e-07,4.187094908259976e-05,4.187094908259976e-05,2.7216116903689826e-06,0.0,0.0,0.0,0.0,0.0,0.0,0.0,0.0,0.0,4.187094908259976e-05,4.187094908259976e-05,2.7216116903689826e-06,300
"(12.5, 25.0]","(1.0, 1.41]",6787782,4.0403112222189386e-05,4.037854784076114e-05,2.060908009013555e-06,1947.0,2.802823972720642e-09,2.802693722727448e-09,1.2794851095844737e-10,5487.0,3.305028177960672e-07,3.2636280685531633e-07,1.6464558875321476e-08,3760.0,1.7933536877562436e-06,1.786500197038167e-06,8.687653624955387e-08,5906.0,3.8276452892664354e-05,3.826288214314492e-05,1.957438965377721e-06,100.0,1.8799774758367105e-06,1.8799774758367105e-06,1.203185584535495e-07,3604.0,2.72309315081576e-07,2.681882603840749e-07,1.2828084272235222e-08,7.926005873494464e-05,7.919435244090044e-05,4.0402367076609145e-06,0.0,0.0,0.0,0.0,0.0,0.0,5.745617640637251e-06,5.717478846551054e-06,2.8015646348100155e-07,7.351444109430739e-05,7.347687359434938e-05,3.760080244179912e-06,6.187588228378577e-06,6.187588228378577e-06,3.960056466162292e-07,0.0,0.0,0.0,0.0,0.0,0.0,0.0,0.0,0.0,0.0,0.0,0.0,0.0,0.0,0.0,0.0,0.0,0.0,0.0,0.0,0.0,0.0,0.0,0.0,17100
"(12.5, 25.0]","(1.41, 2.0]",7330801,0.00033400034876514506,0.00033269219966440306,1.6700015205596706e-05,22088.0,2.0256761373158426e-06,1.8348996426357948e-06,7.564711365874139e-08,50337.0,1.6172994488475243e-05,1.5624669559991267e-05,7.331993954397553e-07,32767.0,2.276054590722635e-05,2.2616394578527338e-05,1.1494608604654803e-06,58108.0,0.00029304113223212766,0.0002926162358832487,1.474170783603273e-05,500.0,1.2336188161856195e-05,1.2333276553141319e-05,5.301899634195611e-07,31520.0,9.904408037095347e-06,9.685460330168177e-06,4.57043121233261e-07,0.0006012985484123768,0.0005981868829886396,3.020197967452669e-05,8.730287454263181e-06,7.878538784506635e-06,3.202380203745811e-07,3.519397129999845e-05,3.386396657063804e-05,1.5707131594487424e-06,5.2790956949997686e-05,5.254787300869305e-05,2.7931452783945434e-06,0.0005045833327081174,0.0005038965046248017,2.5517883216308815e-05,1.4323127854650539e-05,1.4323127854650539e-05,6.168493729402842e-07,2.0598021962402212e-05,2.0133406976945615e-05,9.523640595345586e-07,2.1007254186820786e-05,2.1007254186820786e-05,9.736862315591445e-07,0.0,0.0,0.0,0.0,0.0,0.0,0.0,0.0,0.0,2.1007254186820786e-05,2.1007254186820786e-05,9.736862315591445e-07,1.0503627093410396e-05,1.0503627093410396e-05,4.5585741585401186e-07,0.0,0.0,0.0,163300
"(12.5, 25.0]","(2.0, 2.83]",19141535,0.0033047922027901423,0.0032840639812892294,0.0001686603325482888,276955.0,3.897692069220429e-05,3.6190626484238724e-05,1.623364003898221e-06,589878.0,0.00030964460561935006,0.0003013174341822106,1.414986763335602e-05,396100.0,0.0004088445133016512,0.0004064155319512028,1.9881906295636945e-05,695267.0,0.0025473261631769376,0.0025401403886715778,0.0001330051946153977,10300.0,0.00023115532827632122,0.00022793373107220705,1.184559865269648e-05,373918.0,0.00020110275587120657,0.0001990549730655956,8.890431040434983e-06,0.006170769481130954,0.006118212097410162,0.00031201323992041425,0.00011869476507500576,0.00010930962433263582,4.855556296817367e-06,0.0007670753677800658,0.0007455968917853247,3.487213982055254e-05,0.0009337809115099703,0.0009278997217307811,4.52544532348111e-05,0.004351218436765912,0.00433540585956142,0.00022703109056823305,0.0003804815026590083,0.0003742337278593384,1.927751643219837e-05,0.0004934296021714037,0.0004881910985717708,2.165713679179857e-05,0.00021372371651489809,0.0002132656550271438,1.0703644895772477e-05,1.044848284110966e-07,1.044848284110966e-07,6.634786604104634e-09,1.170230078204282e-05,1.1495420821788848e-05,5.033642286263877e-07,1.3112845965592619e-05,1.2995405018458548e-05,6.715630904209091e-07,0.00018880408493885152,0.00018867034435848535,9.522082790121074e-06,6.901222916552928e-05,6.855416767777507e-05,3.5921880559735725e-06,9.926058699054174e-06,9.719178738800202e-06,4.083196044622337e-07,1958200
"(12.5, 25.0]","(2.83, 4.0]",8620479,0.018576555435501237,0.01841346485358528,0.0009571596847787172,447495.0,0.00036372066455405636,0.0003423756771374365,1.5815866349441595e-05,897616.0,0.002575565278695591,0.002504278174153695,0.00012070046936177169,585899.0,0.003115935551402251,0.003098096292039362,0.0001539125562994714,971790.0,0.012521333940849352,0.012468714710254791,0.0006667307927680333,23300.0,0.0013088921797781857,0.001286695205512355,6.570604106852881e-05,529638.0,0.0016598671542622406,0.0016382230560184076,7.484737213432236e-05,0.03340104418791578,0.033053234860847054,0.001711580787297318,0.0009108542576346395,0.0008578291299126187,3.9819126442973746e-05,0.005865567331003301,0.005699519249452379,0.00027589762045705356,0.006358115366907106,0.006321958791385027,0.00031524222000888804,0.02026650723237073,0.020173927690097036,0.0010806218203884023,0.0019915366651899503,0.0019531066661144937,9.908604654103334e-05,0.0037539677319554975,0.0037034812102668536,0.00016932760126206446,0.002474108457314263,0.0024623067929287925,0.00012510257830220325,1.2876314645624678e-05,1.2353257864209168e-05,5.458710009037782e-07,0.0002617023949597233,0.00025539230476635935,1.1724568333151792e-05,0.00031854378393590427,0.00031765044610630104,1.501400744668597e-05,0.001880985963773011,0.0018769107841919228,9.78181315214617e-05,0.0008818535489733228,0.0008727331741078424,4.35837475736557e-05,0.0001827044645662962,0.00018082753870173572,8.101948430011842e-06,2902800
"(12.5, 25.0]","(4.0, 5.66]",1764823,0.06837664292686381,0.0675476949804628,0.003589396838139596,218684.0,0.0025743149532432385,0.0024193122699407796,0.0001154524646020238,385786.0,0.012914375977920787,0.012551144694198197,0.0006263412011668553,228830.0,0.013036875070010773,0.012948193087872692,0.0006604889564579219,352700.0,0.03985107692568902,0.03962904492845113,0.0021871142159127946,8800.0,0.002966310546031648,0.0028950113716551826,0.0001516848336686777,203504.0,0.008132550317558348,0.008032873951877979,0.0003751342517496291,0.12032538107220951,0.11867878025161732,0.006280251227403538,0.006210821141836888,0.005823126171859727,0.00027745811449646804,0.0269976082587319,0.02626479482645002,0.0013129605880589726,0.024714093141351853,0.024550834842927593,0.0012544242792619999,0.06240285853028888,0.062040024410379965,0.003435408245586101,0.004472969810570237,0.004355512139177698,0.00022701920317221616,0.017011337680889242,0.01680705317190449,0.0007861517553885007,0.014459240388412889,0.014289915759257444,0.0007448304028789287,0.0004176056182404694,0.0003978489627571717,1.9061188232474308e-05,0.0023707759928332755,0.0022880764813241906,0.00011323124704290455,0.0029192729242535943,0.0028977370535175485,0.00014511174633376827,0.00875158585308555,0.008706253261658532,0.0004674262212697815,0.0030858618683006736,0.0030130942309795367,0.00015694715810027408,0.0014704024142931048,0.0014495385656238611,6.726557581128534e-05,1186000
"(12.5, 25.0]","(5.66, 8.0]",678780,0.19776115654050117,0.19506953928021042,0.010644708887747819,120830.0,0.011728481945738545,0.010982961477514205,0.0005367550533213256,196623.0,0.043453447065777515,0.042275912686371014,0.002166690149178929,115014.0,0.04158357477513991,0.041373835199040664,0.0022026225683413852,175033.0,0.1009956527538451,0.10043682991728464,0.005738641116906181,12400.0,0.011889547256554353,0.0117016948279423,0.0006200254274458746,102101.0,0.026706595798471663,0.026420347438068217,0.0012744046882669112,0.3350746928312561,0.329730345620083,0.017971960826777458,0.027001384837502574,0.02525369633754678,0.0012369955235864351,0.0871372167712661,0.08476853472406376,0.004364838730074546,0.0735407643124429,0.07317868528831138,0.003918725010459944,0.14739532691004445,0.14652942927016116,0.00845140156265653,0.016973098794896724,0.016660188868263648,0.0008752014926780397,0.05354606794543151,0.05297392675093551,0.0025745961550134064,0.07266566486932438,0.0718405374348095,0.0037956337707357314,0.003977724741447893,0.003716414744099708,0.00017133567370871265,0.013978019387725036,0.0136297769527682,0.0006728372922007131,0.013692212498895077,0.013637157842010665,0.0007036893743186307,0.04101770824125637,0.040857187895930944,0.002247771430507676,0.013941188603082,0.013724653054008659,0.0007201419194731726,0.008525590029169982,0.008463674533722265,0.00039261027519962274,607500
"(12.5, 25.0]","(8.0, 11.31]",478348,0.3844598905344832,0.37719220155876493,0.021180859406704017,92708.0,0.03281340625425081,0.030527017459055873,0.0015314088484149728,155504.0,0.10533163848167927,0.10177232872338887,0.005388951522719881,87177.0,0.07991918188717143,0.07944536504395462,0.004368706320434044,132011.0,0.16639566391138172,0.16544749033236564,0.009891792715135116,22100.0,0.0304613535755319,0.029785220708105794,0.0016156325915062345,81002.0,0.061145455496715365,0.06037677989924493,0.00301124030762266,0.6176862869709918,0.603744593893985,0.03384272727491284,0.07208141353157116,0.06698857526319746,0.0033679500737956477,0.19504001271041166,0.1882806095144121,0.010065590251030628,0.12848804635955416,0.1277313315828644,0.007087679123148838,0.2220768143694549,0.2207440775335112,0.013321507826937713,0.04401189092459883,0.0428751202053735,0.002311412192796876,0.11104049771296211,0.10965884669738352,0.005513998069606229,0.2213911211084817,0.2181667990667882,0.011808419545602786,0.013876926421768252,0.012874192010837301,0.0006310045820197848,0.05181165176816878,0.050416201175713084,0.0025667587555503533,0.04671703446026742,0.04647255554533519,0.002441553467559184,0.10898550845827722,0.10840385033490262,0.006169102740473464,0.03738700694891585,0.0365120644384423,0.001969616587923437,0.033007350297273114,0.032578601771095506,0.0015643309080418443,467400
"(12.5, 25.0]","(11.31, 16.0]",1174479,0.5413932296007757,0.5286512846872482,0.031205540437103576,233652.0,0.06762194149037733,0.06263314083272435,0.0032964119226687894,384167.0,0.15834737347535902,0.15251229916904377,0.008647644630843086,221036.0,0.11086161190182833,0.110271180184114,0.006432190123516356,332345.0,0.20456230273321122,0.20323466450136665,0.012829293760075343,154900.0,0.08981087884142104,0.08807045785468226,0.004928174658979292,195983.0,0.08418409499838021,0.08317149804179796,0.0044233517691821675,0.8328450317119336,0.8099811925117436,0.04772939121712692,0.13521569989757162,0.1251460136792569,0.00664099322593252,0.2693040914311793,0.25918684625267885,0.014822292076656973,0.1666023828437971,0.1657125227441274,0.009746230313355963,0.26172285753938557,0.2599358098356804,0.01651987560118147,0.1292615704495355,0.12641763709695958,0.00704107299449373,0.14179478730569045,0.1400855817771114,0.00751251498988062,0.48212611719749776,0.4729204132215222,0.026860018068607456,0.046137053110357866,0.04311991359573054,0.0022015920875554183,0.13957337679090046,0.1351536970861122,0.007301280523704555,0.10491205036445947,0.10437199983992904,0.005821801915147057,0.19150363693177996,0.19027480269975028,0.011535343542200416,0.11927416326728703,0.11685745764717803,0.006475329319894182,0.07985838827258727,0.0788909073725456,0.003989059983192548,1171200
"(25.0, 50.0]","(0.5, 0.71]",1153923,0.0,0.0,0.0,0.0,0.0,0.0,0.0,0.0,0.0,0.0,0.0,0.0,0.0,0.0,0.0,0.0,0.0,0.0,0.0,0.0,0.0,0.0,0.0,0.0,0.0,0.0,0.0,0.0,0.0,0.0,0.0,0.0,0.0,0.0,0.0,0.0,0.0,0.0,0.0,0.0,0.0,0.0,0.0,0.0,0.0,0.0,0.0,0.0,0.0,0.0,0.0,0.0,0.0,0.0,0.0,0.0,0.0,0.0,0.0,0.0,0.0,0.0,0.0,0.0,0.0,0.0,0.0,0.0,0.0,0
"(25.0, 50.0]","(0.71, 1.0]",1153923,0.0,0.0,0.0,0.0,0.0,0.0,0.0,0.0,0.0,0.0,0.0,0.0,0.0,0.0,0.0,0.0,0.0,0.0,0.0,0.0,0.0,0.0,0.0,0.0,0.0,0.0,0.0,0.0,0.0,0.0,0.0,0.0,0.0,0.0,0.0,0.0,0.0,0.0,0.0,0.0,0.0,0.0,0.0,0.0,0.0,0.0,0.0,0.0,0.0,0.0,0.0,0.0,0.0,0.0,0.0,0.0,0.0,0.0,0.0,0.0,0.0,0.0,0.0,0.0,0.0,0.0,0.0,0.0,0.0,0
"(25.0, 50.0]","(1.0, 1.41]",2307845,1.561135880510087e-06,1.5512401806152501e-06,4.093158353641978e-08,2894.0,2.0859841620117387e-10,1.7847807296643555e-10,5.4509664133809196e-12,2726.0,7.14790382530928e-08,6.162724200526098e-08,1.8747342882587746e-09,606.0,4.6025315499349426e-09,4.588749885664781e-09,1.3939939415235677e-10,574.0,1.4848457122908582e-06,1.4848457106513581e-06,3.891199888759527e-08,0.0,0.0,0.0,0.0,2559.0,7.143982161364276e-08,6.158803158332995e-08,1.873562338889261e-09,0.0,0.0,0.0,0.0,0.0,0.0,0.0,0.0,0.0,0.0,0.0,0.0,0.0,0.0,0.0,0.0,0.0,0.0,0.0,0.0,0.0,0.0,0.0,0.0,0.0,0.0,0.0,0.0,0.0,0.0,0.0,0.0,0.0,0.0,0.0,0.0,0.0,0.0,0.0,0.0,0.0,0.0,6800
"(25.0, 50.0]","(1.41, 2.0]",4955080,0.00014587902495484428,0.000144487107815552,4.951528289664898e-06,53639.0,2.055594013194724e-06,1.921172161439172e-06,7.079057986693116e-08,42208.0,2.7416604538367496e-05,2.622793112595596e-05,9.652989450026527e-07,10124.0,1.4816039464698602e-05,1.4747678002030864e-05,4.6671666099852717e-07,10029.0,0.0001015907869385835,0.00010159032652612607,3.448722103796787e-06,100.0,1.1749265651252158e-05,1.1749265651252158e-05,5.016936433084673e-07,38591.0,2.659025916446489e-05,2.540666357119852e-05,9.365354335007608e-07,0.0003519620268492133,0.00034823978623957634,1.1892290497832518e-05,3.229009420634985e-06,3.229009420634985e-06,1.329544628946455e-07,7.023095489881091e-05,6.666047773194378e-05,2.4008643654592854e-06,2.7648393164187052e-05,2.7496629721417205e-05,8.751979382774848e-07,0.00025085366936558037,0.00025085366936558037,8.4832737312011e-06,2.018130887896866e-05,2.018130887896866e-05,8.617418891319609e-07,6.861645018849343e-05,6.50459730216263e-05,2.3435696295518934e-06,0.0,0.0,0.0,0.0,0.0,0.0,0.0,0.0,0.0,0.0,0.0,0.0,0.0,0.0,0.0,0.0,0.0,0.0,0.0,0.0,0.0,116000
"(25.0, 50.0]","(2.0, 2.83]",28848065,0.0016906538111541819,0.0015830192187675654,5.124831260044794e-05,1365333.0,0.00018660093106265325,0.0001507921474353618,4.587577023330791e-06,1095064.0,0.0005211619009041716,0.00045548444453914327,1.450868644342154e-05,259195.0,0.00022386962451712665,0.00021894410484663124,7.090660639361915e-06,204108.0,0.0007590213546702316,0.0007577985219464299,2.5061388494333735e-05,7500.0,0.00010129126938610497,8.937708817572129e-05,2.955329493064077e-06,997952.0,0.0004744544751353819,0.0004106969131918518,1.3064024661861556e-05,0.0035697021619994274,0.0032964338856002993,0.00010614254741869173,0.0005182323320472274,0.0004173461894237968,1.267620888610726e-05,0.001266150779956992,0.0011076061427343572,3.5175363737567824e-05,0.0005015241056895844,0.0004900748109101944,1.5863537044858983e-05,0.0012837949443056233,0.0012814067425319514,4.2427437750157655e-05,0.00018791554996842942,0.00016426384230623444,5.366028920830562e-06,0.0011472866551014774,0.0009939838599226675,3.1509970419159823e-05,0.00010919276561530211,0.0001033763963024903,3.38282331241281e-06,3.43177263362378e-06,2.343970037505118e-06,9.249094869967882e-08,2.5408983236830616e-05,2.0820460575085358e-05,7.044901139816484e-07,9.39404427991964e-06,9.328632613660571e-06,2.891805672234862e-07,7.095796546492806e-05,7.088333307623924e-05,2.2966616825079967e-06,3.175256295352912e-05,2.86312790823232e-05,9.69423914567579e-07,2.443838087580571e-05,1.9877867025050018e-05,6.733235660693358e-07,2923700
"(25.0, 50.0]","(2.83, 4.0]",9502892,0.010654751653442221,0.009732792349277592,0.00031734273327351366,1554102.0,0.0018110514870288902,0.0014407236970774228,4.3829007482783615e-05,1180095.0,0.004054439074399718,0.0035396264865581,0.00011390924880186841,283876.0,0.0014685335069816116,0.0014385818126285783,4.81576643020564e-05,182327.0,0.0033207275850320114,0.0033138603530135,0.00011144681268680569,12000.0,0.0005649699441182735,0.0004922124472392044,1.6172239290114613e-05,1055929.0,0.003717651213775096,0.003215390272273753,0.0001032410741672885,0.02212863199960602,0.019930722878887815,0.0006482248816149861,0.004715406636211376,0.0037549720653460017,0.0001144955387265266,0.009193938013817267,0.008030643934499098,0.000259488061644813,0.00298624881772833,0.0029253397807741054,9.839660968471492e-05,0.00523303853184904,0.005219767098268612,0.00017584467155893154,0.0010061147701141927,0.0008646535181079613,2.832340395955252e-05,0.008420278795128893,0.007287278335900271,0.00023493335076311505,0.0013265435406400496,0.0012511468087820004,3.985035576538179e-05,0.00010975606162839694,8.778464492703904e-05,2.590710754157787e-06,0.0003612584463761137,0.00031206773685316016,9.823487323648422e-06,0.0001639500901409803,0.00016047420090641883,5.233504926710733e-06,0.0006915789424945585,0.0006908202260953823,2.2202652760864847e-05,0.00036325783771929635,0.00032218192104045804,1.0557426391881542e-05,0.00033231988746162754,0.00028408920147677153,8.954473627607261e-06,3200400
"(25.0, 50.0]","(4.0, 5.66]",3529644,0.04539525283174096,0.04056541830456863,0.0013473283085894705,1257845.0,0.010929870894318327,0.00865456482696781,0.0002722362128185161,844426.0,0.019022615816669485,0.016635293286594473,0.0005492990363115793,185305.0,0.00663843481299544,0.006502416074542839,0.00022112919279831245,106324.0,0.008804331307757719,0.008773144116463549,0.0003046638666610641,9800.0,0.0013219611736804626,0.0011126835337055177,3.566036494062213e-05,756038.0,0.017445695181011214,0.015124815945768665,0.0004991505341589936,0.0920407270534932,0.08128275911111715,0.0026894953844920338,0.026471224860070874,0.02102989933262391,0.0006622832591615471,0.03994878803641386,0.034943769116658786,0.001156332882891306,0.012634135340561257,0.012374519356626335,0.0004207092312142529,0.01298657881644721,0.012934571305208113,0.00045017001122492833,0.002290315963876244,0.0019126452979393955,6.125658142860867e-05,0.03654901174169406,0.03168820538275247,0.0010477965810716317,0.009251074612623825,0.008293394744625805,0.0002695376797206744,0.0017794995755945927,0.001339519226301576,3.969342656086564e-05,0.0034799543523369495,0.0029909591448882664,9.605799244909685e-05,0.001318546572968832,0.0012955649351605997,4.281401540778618e-05,0.0026730741117234487,0.0026673514382753614,9.09722453029258e-05,0.0014330057082243988,0.0012130934451179778,3.858677676842197e-05,0.003204005843082192,0.0027212523415959225,8.722967066933664e-05,2393900
"(25.0, 50.0]","(5.66, 8.0]",1765519,0.1398645644202593,0.12392205694938656,0.0042380828833049125,873197.0,0.04163513762022847,0.032992252298980264,0.001075826900165418,541620.0,0.059112165836996425,0.05227921158075939,0.0017870048210339286,117082.0,0.019160738019996064,0.018765166933811993,0.0006583607253122657,66901.0,0.0199565229430384,0.019885426135834928,0.0007168904367933027,17100.0,0.005327287939040527,0.004650946904274408,0.0001613046020585276,485056.0,0.05355490335412816,0.046984243940183336,0.0016055580061242023,0.271715002783884,0.23791379135540316,0.008134693762967151,0.09444928091966158,0.07484807810054724,0.002450852240276089,0.11664558693505989,0.10324923436111423,0.0035448341986124192,0.03356236891248409,0.032870289699516116,0.0011618262871710813,0.02705776601667838,0.02694618919422561,0.0009771810369075596,0.00887670990796474,0.007699959048868917,0.0002663045682884182,0.10555026595578977,0.09267470641777296,0.003181174214154591,0.05181932338309584,0.046439019347851815,0.0015539443412390353,0.012833053623325492,0.01015639367234224,0.00031932684502404107,0.021407869300755188,0.01887289799769926,0.0006259272818927465,0.006912414989586633,0.006766941052461063,0.0002311593061870192,0.010665985469428537,0.010642786625349256,0.0003775309081352278,0.007044387514379624,0.006106556202453783,0.00020554870227961294,0.019483222780383558,0.0170419378097885,0.0005646350517326634,1598800
"(25.0, 50.0]","(8.0, 11.31]",903205,0.29892464247798156,0.2601415286836346,0.009229599352248425,478803.0,0.11396057810458937,0.09006845872622986,0.003035677872064264,304238.0,0.1262220791806459,0.11218150990371198,0.004028538695448364,63029.0,0.034423780240501,0.033679842498162346,0.0012545556668354476,33530.0,0.024318204952245334,0.0242117175555304,0.0009108271179003487,28800.0,0.017738917855710058,0.015323127287800152,0.0005277211141080317,271385.0,0.11231343794067844,0.09891477649977205,0.003556701418353146,0.5567794686699032,0.47821850189049003,0.017003421385289062,0.2448347828012467,0.19282960236048297,0.0065323169111109886,0.22601070631805628,0.20078800272363417,0.0072741518796950845,0.05432210849142775,0.05314023837334825,0.0020038068297894723,0.03161187105917262,0.03146065843302462,0.0011931457646935076,0.029858116374466486,0.02558104749198687,0.0008801024160627987,0.20068090854235748,0.17664233590380926,0.006407128191717272,0.17819431911913686,0.156690301758737,0.00537117685508827,0.05908403961448398,0.046945196273271296,0.0015389958539866366,0.07790368742422817,0.06906720179804142,0.002381637414429725,0.022385837102318965,0.021931322346532625,0.0007727952314258666,0.018820754978105744,0.018746581340891605,0.0006777483552460407,0.02520911642428906,0.021783517584601512,0.0007457194548302989,0.0705066956006665,0.062005337658671084,0.0021408980620124998,879600
"(25.0, 50.0]","(11.31, 16.0]",1869709,0.4542463432374245,0.3869282926042873,0.014364103368628965,1026547.0,0.20751432615927798,0.1612734908359595,0.00572747642720064,627116.0,0.17429056156323464,0.15427820399255388,0.005843180223089339,131440.0,0.042861519713535114,0.041922843493289355,0.0016381439303780082,73697.0,0.029579935801374774,0.02945375428248462,0.001155302787960983,146900.0,0.046973010513577336,0.041104437896676276,0.0014583373463081953,563067.0,0.15642608392122534,0.1372801440881956,0.005201314397860732,0.797831641180526,0.6717313608695259,0.025018553694933273,0.4056299670162577,0.3144796452282147,0.011260942770773424,0.2911795364947166,0.25779773109077414,0.00984139735279661,0.06371098390177296,0.06231154955129381,0.0024506637423791617,0.03731115376777883,0.037142434999243204,0.0014655498289840826,0.07699166019952837,0.0668493209371084,0.0023690888663957864,0.26128130099389796,0.22934766158797978,0.008758633724552859,0.4173082549209529,0.3606461711421404,0.01285222207733931,0.16894607663545502,0.13375299364767457,0.004554373024679242,0.17533263197641985,0.15493387152760135,0.0055927438242528655,0.043365037019129714,0.04242235984316276,0.001582517868449047,0.029664509289948328,0.029536946123701602,0.0011225873599581542,0.07084364465272404,0.061623286832335936,0.0021662145749418763,0.15805186796448004,0.138452300331228,0.00500009284525025,1858800
"(50.0, 100.0]","(0.5, 0.71]",1357555,0.0,0.0,0.0,0.0,0.0,0.0,0.0,0.0,0.0,0.0,0.0,0.0,0.0,0.0,0.0,0.0,0.0,0.0,0.0,0.0,0.0,0.0,0.0,0.0,0.0,0.0,0.0,0.0,0.0,0.0,0.0,0.0,0.0,0.0,0.0,0.0,0.0,0.0,0.0,0.0,0.0,0.0,0.0,0.0,0.0,0.0,0.0,0.0,0.0,0.0,0.0,0.0,0.0,0.0,0.0,0.0,0.0,0.0,0.0,0.0,0.0,0.0,0.0,0.0,0.0,0.0,0.0,0.0,0.0,0
"(50.0, 100.0]","(0.71, 1.0]",1357555,5.089107890636793e-16,4.615035558644716e-16,1.1168386051920228e-17,98.0,2.814541759194542e-17,2.5494491366078812e-17,6.1696669105910675e-19,2.0,4.807653714717344e-16,4.3600906449839355e-16,1.0551419360861125e-17,0.0,0.0,0.0,0.0,0.0,0.0,0.0,0.0,0.0,0.0,0.0,0.0,2.0,4.807653714717344e-16,4.3600906449839355e-16,1.0551419360861125e-17,0.0,0.0,0.0,0.0,0.0,0.0,0.0,0.0,0.0,0.0,0.0,0.0,0.0,0.0,0.0,0.0,0.0,0.0,0.0,0.0,0.0,0.0,0.0,0.0,0.0,0.0,0.0,0.0,0.0,0.0,0.0,0.0,0.0,0.0,0.0,0.0,0.0,0.0,0.0,0.0,0.0,0.0,100
"(50.0, 100.0]","(1.0, 1.41]",2715113,4.223664099344846e-06,2.717723504365964e-06,6.266964522632356e-08,4621.0,3.36010337163994e-07,1.524501873918119e-07,2.9571716660995057e-09,1602.0,2.431332907646948e-06,1.1090011993407007e-06,2.137264708585448e-08,28.0,2.7011913186922913e-11,2.2293354934583713e-11,3.704890428107039e-13,349.0,1.4562938426207176e-06,1.456249824278517e-06,3.833945598532676e-08,0.0,0.0,0.0,0.0,1576.0,2.431332903253876e-06,1.1090011958328486e-06,2.137264702282352e-08,6.997867123762438e-06,3.164509175124571e-06,6.139147799741664e-08,0.0,0.0,0.0,6.997867123762438e-06,3.164509175124571e-06,6.139147799741664e-08,0.0,0.0,0.0,0.0,0.0,0.0,0.0,0.0,0.0,6.997867123762438e-06,3.164509175124571e-06,6.139147799741664e-08,0.0,0.0,0.0,0.0,0.0,0.0,0.0,0.0,0.0,0.0,0.0,0.0,0.0,0.0,0.0,0.0,0.0,0.0,0.0,0.0,0.0,6600
"(50.0, 100.0]","(1.41, 2.0]",4072669,0.00010396812044408663,8.160505502431354e-05,1.7654154353136561e-06,74406.0,1.3538302292436312e-05,7.571580408568201e-06,1.471602958334886e-07,24391.0,2.7948953417420565e-05,1.181407170743176e-05,2.273533495825693e-07,1324.0,2.942958663026696e-06,2.7054149896888483e-06,5.894744326939693e-08,2579.0,5.953790607120305e-05,5.951398791862471e-05,1.3319543466282012e-06,0.0,0.0,0.0,0.0,23773.0,2.782486499782779e-05,1.1701325980984846e-05,2.2464817119448604e-07,0.0002072351079844692,0.00014542453609659906,3.0736419532252702e-06,4.4442600172024775e-05,2.5372796070586635e-05,5.040118408837057e-07,7.14519151936973e-05,2.987254795319727e-05,5.743924438740294e-07,1.3259118283366511e-05,1.2105329453486156e-05,2.5815095702596997e-07,7.808147433538054e-05,7.807386261932898e-05,1.7370867114415644e-06,0.0,0.0,0.0,7.120637596622755e-05,2.962995519645716e-05,5.678181801663722e-07,0.0,0.0,0.0,0.0,0.0,0.0,0.0,0.0,0.0,0.0,0.0,0.0,0.0,0.0,0.0,0.0,0.0,0.0,0.0,0.0,0.0,102700
"(50.0, 100.0]","(2.0, 2.83]",20091826,0.001333568996990488,0.0009583306154424332,1.9714144616262966e-05,1539793.0,0.00043274314983235917,0.0002384036890046832,4.696239208473549e-06,477584.0,0.0004575914967315071,0.0002793522124430118,5.751587400299739e-06,26912.0,4.3306124505909646e-05,4.156885595126935e-05,8.615483009532383e-07,53311.0,0.0003999282259207124,0.00039900585804346925,8.404769706536444e-06,2500.0,4.400016335246999e-05,2.716068144360099e-05,5.894564294873062e-07,465208.0,0.00044599766868082063,0.0002705526881778628,5.567028413056133e-06,0.0030177944005686692,0.0020620554846533115,4.212876873411111e-05,0.0011593271811133545,0.0006408167679732047,1.2620699318220254e-05,0.001108162095371521,0.000677402939882119,1.3922427045705057e-05,9.834845274889403e-05,9.36733674679444e-05,1.952948019756891e-06,0.0006519566713349,0.0006501624093300429,1.3632694350428897e-05,8.013208953730735e-05,4.9056118642476796e-05,1.0630220319447314e-06,0.0010777019470505072,0.0006536040079184439,1.3416918706144481e-05,8.187409148377056e-05,5.9002700899360756e-05,1.3177049164172539e-06,1.5727789002353497e-05,8.295811440931249e-06,1.7413992137897279e-07,3.3745066277201476e-05,1.8305653254213928e-05,3.740580323560437e-07,1.3936015571705627e-06,1.3936015571705627e-06,2.7593310831977142e-08,3.1007634647045023e-05,3.1007634647045023e-05,7.419136518502598e-07,2.28451112407603e-05,1.4350761349416424e-05,3.0953930220180117e-07,3.354598034046283e-05,1.8109105663168694e-05,3.6997745749938307e-07,2097600
"(50.0, 100.0]","(2.83, 4.0]",15815527,0.008828889572371861,0.005845866443950912,0.00012012523158567484,4014421.0,0.003990723715178155,0.002220475927238984,4.401019782196107e-05,1182017.0,0.003217247638696241,0.0020220156362110004,4.202549231033074e-05,52939.0,0.0002813124427912751,0.0002682410921118201,5.670063292733672e-06,81023.0,0.0013396057757061946,0.0013351337883891186,2.841947816064947e-05,10700.0,0.000284511667949306,0.00018495171960304145,3.918904979397266e-06,1158067.0,0.0031378713895104,0.0019548117934004416,4.061923036367458e-05,0.020061867050019895,0.012820242411144439,0.0002626743288541699,0.010257577885327501,0.00571171962843856,0.00011320370480857199,0.007187999489362574,0.004525636610149001,9.433884038135435e-05,0.0005563519950994994,0.0005306351789605239,1.124719917331873e-05,0.0020599376802303204,0.002052250993596357,4.388458449092474e-05,0.0005251168677464874,0.0003351811166330405,7.107854401563724e-06,0.007012918380778586,0.0043794684805634355,9.127185962250893e-05,0.0009689844669735002,0.0007038562799709426,1.4560597664560906e-05,0.0002806735431579359,0.0001623945885584465,3.3057393408389107e-06,0.0003590775065541603,0.00021478019670163385,4.342435512898179e-06,3.4712722503651006e-05,3.289640617097364e-05,6.60916446224018e-07,0.00029452069475775295,0.00029378508853988866,6.251506364599795e-06,0.0002617680713390076,0.0001710343891796967,3.6350663623159677e-06,0.0003499725301597601,0.00020689307412898725,4.172873663963268e-06,5330400
"(50.0, 100.0]","(4.0, 5.66]",7059292,0.039398425238369505,0.024901375438264227,0.0005194064135043558,3700622.0,0.02128088078448889,0.011929586751634925,0.00024145809218201243,988323.0,0.013880856774916465,0.008796485069364554,0.00018645377531879208,36528.0,0.0010276061499506915,0.00098119298709276,2.1820302924236467e-05,53327.0,0.003209081529013513,0.0031941106301720218,6.967424307931516e-05,11500.0,0.0007967732712365872,0.00047249284489184136,1.004043819862084e-05,971476.0,0.013602090072420527,0.00855281919311475,0.000181066824697771,0.08630185576683894,0.053283408166144706,0.0011110940386797994,0.0505910507739303,0.02836753473294489,0.0005766683039318956,0.029276590343620863,0.018595663842776312,0.0003955443820711765,0.0019108148522543056,0.0018203804290855227,4.068411799653564e-05,0.0045233997970334705,0.004499829161337993,9.819723468019182e-05,0.0014259220329744119,0.0008322616489019011,1.7644716495648574e-05,0.02870797808052139,0.01809614221936138,0.00038444871698181617,0.008760935232598396,0.005704506627576818,0.00011643970337251953,0.004287398792966773,0.002400994320676918,4.689681533218912e-05,0.003108668688021405,0.0019517205124819869,4.0602272734999476e-05,0.00025880782378742803,0.0002488593756994328,5.246909562602028e-06,0.0011060599278227901,0.001102932418718478,2.3693705742728897e-05,0.0010584630866664817,0.0006335758600154237,1.3556245158862949e-05,0.0030330237083265573,0.0018879380538444933,3.9272506591312566e-05,4778800
"(50.0, 100.0]","(5.66, 8.0]",3801158,0.1249985339495503,0.07643750939288674,0.0016331138949636397,2639651.0,0.07619395060980201,0.042793998036923374,0.0008933752520572598,667416.0,0.04158531612176755,0.02654852900181527,0.0005825381405944594,22727.0,0.0022583924407801373,0.0021570294912807903,4.946473797605649e-05,30106.0,0.004960874777200645,0.004937952862867342,0.00010773576433586506,18500.0,0.0024580500036453295,0.0014404222986632974,2.9976037206747885e-05,655129.0,0.040808505519321275,0.025871732925433488,0.0005672034491255379,0.26271099491260297,0.1579068675914024,0.0033818686749669453,0.17190761341675354,0.09657952602864707,0.002025065346639103,0.08074197389321885,0.05148037492785093,0.0011364770110055935,0.0037015035944309616,0.003523625958194845,8.146890808011664e-05,0.006359904008199606,0.006323340676709571,0.00013885740924213138,0.004317105471543146,0.00250988593475988,5.221925826287673e-05,0.07924637702510656,0.05018938386670587,0.001107231414795175,0.04481344895423974,0.0279300889360558,0.0005797670228914455,0.024990279278051582,0.01390222953110605,0.0002819105215568519,0.0155115888368755,0.009770420750729116,0.00020647219844584206,0.0010433662583875757,0.0009991276342630328,2.183502856234863e-05,0.003268214580925077,0.0032583110199576027,6.954927432640292e-05,0.003575752441755907,0.0021065204340361544,4.361846568861383e-05,0.015237988002603418,0.009528470271427811,0.0002012620538530627,3359900
"(50.0, 100.0]","(8.0, 11.31]",3675392,0.28168681343616614,0.16643413136160104,0.0037209611007854794,2841349.0,0.1926829472613981,0.10614901205789656,0.0023211197880344497,692690.0,0.07829930213994815,0.049833032410344355,0.0011552499720268012,24263.0,0.003717741145194926,0.003517879315464834,8.467079098795858e-05,34498.0,0.0069868228896238895,0.006934207577895324,0.00015992054973627072,58500.0,0.008723996391670279,0.0052403823913427,0.00011492020724343153,680121.0,0.0768644130081797,0.04858462731509402,0.001125702002673653,0.5566067510621996,0.32283932135674237,0.007252851878683966,0.4048006307898586,0.2215855497862542,0.004880971130888899,0.13758994958905063,0.08741190844405171,0.0020454871328010726,0.005662525249007452,0.005357305560876228,0.00012990710141938603,0.008553645434282928,0.008484557565560352,0.000196486513574606,0.015164096782057535,0.009024616966027027,0.00019775905174196392,0.1350982425820158,0.08525654651258971,0.001994148793380407,0.1656160757818486,0.10147796071820364,0.002195500761279341,0.1024266255136867,0.05782027849002227,0.0012240892181296576,0.05378473915163335,0.03445046052230621,0.0007628065194950635,0.003074501985094379,0.002918798049296511,6.694570279850422e-05,0.006330209131434145,0.006288423656578673,0.00014165932085611566,0.013375444034268998,0.008003524522010171,0.00017547040024574253,0.05270022898237793,0.03349477443494463,0.000741153860595006,3592800
"(50.0, 100.0]","(11.31, 16.0]",3169300,0.4356228391523207,0.25099458855819184,0.005891915712633479,2496764.0,0.3186564825288223,0.1725923358877155,0.003979308145534819,618342.0,0.10538591155187932,0.06710335252026083,0.0016374060505082264,21812.0,0.00439861258647445,0.0041707920200287,0.00010433971398066913,28182.0,0.007181832485141217,0.0071281081301867895,0.00017086180260976716,153700.0,0.027417477948678406,0.01670682830049025,0.0003785646481488045,607527.0,0.10352245119122373,0.06552072951674963,0.0015986458273597012,0.8040803963020225,0.4571122632758023,0.010791446640803956,0.6145981762534314,0.3315072725838512,0.007707226172656418,0.17439024390243907,0.1109169927113243,0.002724578596093775,0.006426971255482283,0.006091691540718771,0.000153086016786041,0.008665004890669865,0.008596306439907863,0.00020655585526772508,0.04724860379263559,0.0284552273372669,0.000643836894487742,0.17133909696147415,0.10832496040135045,0.002660721894140663,0.4139797431609504,0.2461503354052945,0.005537734386646893,0.288168365254157,0.16123132552929662,0.003552088686902472,0.11326822957750923,0.07268042028208122,0.0016944497725049697,0.0050235067680560385,0.004777600100968668,0.00011543563954185464,0.00751964156122803,0.00746098949294797,0.00017576028769759888,0.04350739911021361,0.026279553844697566,0.0005919757899851701,0.11121004638248194,0.07089755939797432,0.0016525277497239134,3165100
"(100.0, 200.0]","(0.5, 0.71]",2104211,0.0,0.0,0.0,0.0,0.0,0.0,0.0,0.0,0.0,0.0,0.0,0.0,0.0,0.0,0.0,0.0,0.0,0.0,0.0,0.0,0.0,0.0,0.0,0.0,0.0,0.0,0.0,0.0,0.0,0.0,0.0,0.0,0.0,0.0,0.0,0.0,0.0,0.0,0.0,0.0,0.0,0.0,0.0,0.0,0.0,0.0,0.0,0.0,0.0,0.0,0.0,0.0,0.0,0.0,0.0,0.0,0.0,0.0,0.0,0.0,0.0,0.0,0.0,0.0,0.0,0.0,0.0,0.0,0.0,0
"(100.0, 200.0]","(0.71, 1.0]",2104211,5.3249194558791735e-15,2.1173686771813942e-15,2.138542363953207e-17,57.0,1.3288050162524958e-16,5.287192156610565e-17,5.340064078176667e-19,43.0,5.192038954253922e-15,2.064496755615289e-15,2.0851417231714415e-17,0.0,0.0,0.0,0.0,0.0,0.0,0.0,0.0,0.0,0.0,0.0,0.0,43.0,5.192038954253922e-15,2.064496755615289e-15,2.0851417231714415e-17,0.0,0.0,0.0,0.0,0.0,0.0,0.0,0.0,0.0,0.0,0.0,0.0,0.0,0.0,0.0,0.0,0.0,0.0,0.0,0.0,0.0,0.0,0.0,0.0,0.0,0.0,0.0,0.0,0.0,0.0,0.0,0.0,0.0,0.0,0.0,0.0,0.0,0.0,0.0,0.0,0.0,0.0,100
"(100.0, 200.0]","(1.0, 1.41]",2104211,2.7163964033674126e-07,1.1169968292190675e-07,1.4250099581404947e-09,5185.0,1.3383322495597348e-07,7.66577909125192e-08,1.0191409193843402e-09,632.0,1.3779524549297255e-07,3.503072212159232e-08,4.0572591054376163e-10,48.0,3.2880893658215508e-15,3.2880893658215508e-15,3.991106647097824e-17,235.0,1.1166599705853437e-11,1.1166599705853437e-11,1.4308830132618313e-13,0.0,0.0,0.0,0.0,599.0,1.3779520933094968e-07,3.5030704589346244e-08,4.0572568963737574e-10,0.0,0.0,0.0,0.0,0.0,0.0,0.0,0.0,0.0,0.0,0.0,0.0,0.0,0.0,0.0,0.0,0.0,0.0,0.0,0.0,0.0,0.0,0.0,0.0,0.0,0.0,0.0,0.0,0.0,0.0,0.0,0.0,0.0,0.0,0.0,0.0,0.0,0.0,0.0,0.0,0.0,0.0,6100
"(100.0, 200.0]","(1.41, 2.0]",4208422,7.388312665495688e-05,3.4263472521522405e-05,4.4568461309734077e-07,82771.0,2.9262532178174503e-05,9.440991221549526e-06,1.1527451208739032e-07,14361.0,2.7626389324834273e-05,8.537988129194516e-06,1.070599410625457e-07,811.0,4.250729263519147e-06,3.566119542475619e-06,4.493844006040296e-08,1157.0,1.2743475888428939e-05,1.2718373628302741e-05,1.7841171988700177e-07,0.0,0.0,0.0,0.0,14015.0,2.7122840918297576e-05,8.15700748763126e-06,1.0133838651983235e-07,0.00023666828089008183,0.00010198098004430165,1.3076806223330267e-06,9.861178370420075e-05,3.159355216753452e-05,3.824590784859504e-07,9.31465523181848e-05,2.7693753145478275e-05,3.4959607187682235e-07,1.3069031575255524e-05,1.0915492790409322e-05,1.346311040100066e-07,3.184091329244073e-05,3.177818194087951e-05,4.409943679602474e-07,0.0,0.0,0.0,9.148322102678866e-05,2.6447205151954807e-05,3.3071189153559233e-07,0.0,0.0,0.0,0.0,0.0,0.0,0.0,0.0,0.0,0.0,0.0,0.0,0.0,0.0,0.0,0.0,0.0,0.0,0.0,0.0,0.0,99100
"(100.0, 200.0]","(2.0, 2.83]",20091826,0.0012615704911061016,0.0005436863266018339,6.9481707287963155e-06,1739565.0,0.0007054591750019022,0.00023525123836728285,2.9487096737240362e-06,279981.0,0.00038155249541131517,0.0001367093871265419,1.7176495477807144e-06,13176.0,4.389757920952637e-05,4.1710358353856015e-05,5.28439106532639e-07,18278.0,0.0001306612414833579,0.00013001534275415303,1.7533724007589278e-06,900.0,1.1545745177852648e-05,3.4488908068038093e-06,4.47373945847104e-08,272712.0,0.00036373695345476585,0.00012594549944495433,1.5823856608691585e-06,0.00317417640387688,0.0012967294261855544,1.648794102138851e-05,0.0019255094086520557,0.0006392440388444533,8.005092692919004e-06,0.0009200756566376795,0.0003346846125384523,4.2002820301151335e-06,9.362016175135102e-05,8.906472711838135e-05,1.1307658895712111e-06,0.0002349711768357938,0.0002337360476842672,3.1518004087831525e-06,2.3143740145868275e-05,7.179984536995293e-06,9.290641875954929e-08,0.0008796612114797331,0.0003093957214242249,3.883212795093888e-06,7.923620282198342e-05,2.760490758779217e-05,3.5027593310831953e-07,4.325141975647209e-05,1.3493148905430501e-05,1.7232304321170196e-07,3.26500936251389e-05,1.0812805167633842e-05,1.3216863912717536e-07,9.954296836932591e-08,6.380704272473792e-08,6.763546528822221e-10,3.235146472003093e-06,3.235146472003093e-06,4.5107896116560074e-08,4.9273769342816325e-06,1.4192836430098493e-06,1.7527346693127858e-08,3.215237878329227e-05,1.048277045600534e-05,1.2820044828180374e-07,2051000
"(100.0, 200.0]","(2.83, 4.0]",8213212,0.009407104601039348,0.003732850678901444,4.823466894879446e-05,2372223.0,0.006138980685424714,0.002012989997913577,2.573761211429789e-05,354758.0,0.0024679563331498266,0.0009404867767202668,1.2314890549512e-05,14583.0,0.0002619062438401884,0.000246368530013298,3.051071630873196e-06,18936.0,0.0005382613386246221,0.0005330053742543024,7.131094654111397e-06,3100.0,0.00015344447355690168,4.7677543059256856e-05,6.433931808577443e-07,347418.0,0.0023810397135249194,0.0008794347839407128,1.1568534202503617e-05,0.0222334453317411,0.008488841880618693,0.00010974361186585698,0.015440853103511756,0.005088593232464961,6.520673953137942e-05,0.005427352904076992,0.0020730984418763326,2.7199881106198153e-05,0.00050917959989344,0.0004797890277275198,6.005419426650621e-06,0.0008560597242589135,0.0008473611785498789,1.1331571801628856e-05,0.00028782892734292035,9.047641775227524e-05,1.2246766794769212e-06,0.005242041724967041,0.0019412066801636194,2.558728523018765e-05,0.0010669394629044032,0.0004360027477678648,5.690788183721543e-06,0.0006040267802657474,0.0001777814818368258,2.2108458785673607e-06,0.00032021576942126904,0.00011925139640861579,1.5445171633217307e-06,3.007349621560967e-05,2.7258884830928514e-05,3.5449537890900656e-07,0.00011262341700177714,0.00011171098469149464,1.5809297629234416e-06,0.0001540201324402682,4.596155560090257e-05,6.141019737466899e-07,0.00030377883829127997,0.00010976521731084018,1.4258291640347282e-06,2760500
"(100.0, 200.0]","(4.0, 5.66]",3122378,0.04285847153625452,0.015894181698616425,0.0002090680633637202,1853511.0,0.030936058257520382,0.010152113885691628,0.000132246021243935,245537.0,0.009789419727129147,0.0036552124907985235,4.8217039259712515e-05,6939.0,0.0006904732271548205,0.000653350497128417,8.54184163890068e-06,9513.0,0.001442520324450183,0.001433504824997863,2.0063161221172044e-05,1700.0,0.00027181512698543043,0.00010396932036440183,1.3022633089974968e-06,241510.0,0.009542016036567545,0.0034861428705226256,4.614889257999558e-05,0.09612289095042305,0.034654124836903166,0.0004557719618188445,0.0726007549374227,0.0239809103830478,0.00031265544418388814,0.020299271901095893,0.0075342898905898,9.971929164245969e-05,0.0011773078083435124,0.0011073377406579216,1.4657107659610733e-05,0.00204555630356094,0.002031586822607641,2.8740118332885987e-05,0.000479442271243264,0.0001821509119011215,2.2764215607463307e-06,0.019816306673951713,0.007202431287947839,9.561792678528995e-05,0.009646493794153048,0.0037767829519680194,4.812509148475939e-05,0.00644540795509064,0.0020663254096717314,2.6203912819011672e-05,0.0023978518936528513,0.0009151204626730011,1.1734293125303857e-05,0.00020753412943596194,0.00020084884021089053,2.505953283042604e-06,0.0005956998159735945,0.0005944882394123963,7.680932257401246e-06,0.000426277664011212,0.00015580560713661178,1.985610230407722e-06,0.0023155428330586497,0.0008584505143195347,1.1097636352805455e-05,2115500
"(100.0, 200.0]","(5.66, 8.0]",4276300,0.1343859577923518,0.047484319282784314,0.0006455891195074067,3337437.0,0.10394718483267826,0.03441491217999187,0.0004621374571927197,433651.0,0.027261327009921267,0.009981373674173462,0.00013886466950577294,10430.0,0.0010573222230525496,0.000992485471610779,1.3467651706146002e-05,14782.0,0.002120123726699689,0.0020955479570082176,3.1119341102768126e-05,12600.0,0.001434778438708555,0.0004863558916281559,6.993764583291665e-06,427436.0,0.026763859965014035,0.009615920085136,0.00013400585408829868,0.2888101863760727,0.09991260154806723,0.001360273730959007,0.23246544910319672,0.07668075181816054,0.0010328766645698382,0.051822603652690404,0.018849379837710168,0.00026413154116876743,0.001673409255664944,0.0015698147931623137,2.1471854313308232e-05,0.0028487243645207304,0.0028126550990342112,4.179367090709265e-05,0.002559923298178332,0.0008697635806655286,1.2525832425227411e-05,0.050936791151228865,0.018198946285340134,0.0002554453987793185,0.05106049622337067,0.018608385754039704,0.0002480200176086804,0.03714870331828917,0.012265441386245118,0.00016219334901667324,0.011924093258190492,0.0044104744755980654,5.9077561069148576e-05,0.0007078549213104786,0.0006696522694853027,8.801933540677691e-06,0.0012798447255805252,0.0012628176227112218,1.794717398218086e-05,0.002222482052241424,0.0007546121647218392,1.0775581179992047e-05,0.011579402754717864,0.004159691088090172,5.587440642611603e-05,3796300
"(100.0, 200.0]","(8.0, 11.31]",4850345,0.29857160922581083,0.09995630131771667,0.00140942484301081,4217258.0,0.2450972348363509,0.07851257146109444,0.0010982186346642883,548616.0,0.04958043951653004,0.01768594983197762,0.0002577958155640202,13345.0,0.0016221925146684378,0.0015196792294995902,2.0576872150992516e-05,16181.0,0.0022717423582604176,0.002238100795144999,3.283352063150874e-05,48800.0,0.00543228268087649,0.0019043427636654872,2.6047023593580086e-05,540115.0,0.04878235004976544,0.01709360805551514,0.00024982681804415523,0.5960794541419219,0.19639954209442825,0.002787653944307053,0.5043884507184541,0.16052652770060685,0.0022623081004959442,0.08629386157067176,0.030673626102885463,0.0004512423790472637,0.0024198278679145504,0.002266082515779805,3.0902344245615497e-05,0.0029773139848814872,0.002933305775156202,4.320112051823126e-05,0.009596636940258887,0.0033257885779259004,4.552360498067663e-05,0.08493746321137981,0.029667156047662593,0.00043762264313157103,0.18570452204946247,0.06510753503101323,0.0008832852442661298,0.1444286952783771,0.04779016276161797,0.0006442066600004741,0.03764247697844175,0.01380917728532713,0.0001918854472001476,0.0016398833485040756,0.0015469435679317657,2.0442073151497455e-05,0.0019934664441395404,0.0019612514161363786,2.6751063914010235e-05,0.008777519949611831,0.0030424402800213178,4.148747355085051e-05,0.03694314528141813,0.01329627253319094,0.00018520923472454027,4795400
"(100.0, 200.0]","(11.31, 16.0]",7386595,0.4409102839185297,0.1434669467126535,0.0021335631182215526,6485681.0,0.3739417847953535,0.1171317406328942,0.0017293472651336882,836511.0,0.06245901714326579,0.02197873919875867,0.0003379383685582184,19994.0,0.0017798567799225218,0.0016581818513041492,2.4178600837732867e-05,26514.0,0.0027296251999841883,0.0026982850296964765,4.2098883691911803e-05,211500.0,0.015905118903128505,0.00570092345185934,8.087907303787213e-05,824584.0,0.06153095082432177,0.021307035850782446,0.00032830465472764907,0.8211537250925494,0.26425226440599453,0.003954744271548665,0.7122201772264486,0.22226073908208036,0.0033065780358338334,0.10290045684107495,0.03617613717822622,0.000559843806909679,0.002583192932602911,0.0024065849014329337,3.516738314473722e-05,0.003449898092422828,0.0034088032442552993,5.31550456604157e-05,0.02790744585292682,0.00985356013156265,0.00013968466652090718,0.10139949462506066,0.035090060575948726,0.0005442332273936774,0.44664354821132063,0.15007318067390996,0.002138467961977068,0.36971148411412835,0.11946433383717397,0.0016862285023342962,0.07159645276341804,0.02546387476232283,0.0003757696452154206,0.0022437943328421283,0.0020895208143941837,2.969051864898511e-05,0.003091817000932094,0.0030554512600189923,4.6779295778365884e-05,0.026034322986436917,0.009230561171960826,0.00013038361745838244,0.07039576421883155,0.024597152544575684,0.0003636265836017813,7368700
"(200.0, 400.0]","(0.5, 0.71]",4853263,0.0,0.0,0.0,0.0,0.0,0.0,0.0,0.0,0.0,0.0,0.0,0.0,0.0,0.0,0.0,0.0,0.0,0.0,0.0,0.0,0.0,0.0,0.0,0.0,0.0,0.0,0.0,0.0,0.0,0.0,0.0,0.0,0.0,0.0,0.0,0.0,0.0,0.0,0.0,0.0,0.0,0.0,0.0,0.0,0.0,0.0,0.0,0.0,0.0,0.0,0.0,0.0,0.0,0.0,0.0,0.0,0.0,0.0,0.0,0.0,0.0,0.0,0.0,0.0,0.0,0.0,0.0,0.0,0.0,0
"(200.0, 400.0]","(0.71, 1.0]",4853263,5.0259664358660135e-09,3.2618962823012605e-10,1.990046367985598e-12,629.0,4.160053415065768e-12,5.760386047796739e-13,3.694140123428202e-15,171.0,5.021806382450946e-09,3.2561358962534627e-10,1.9863522278621673e-12,0.0,0.0,0.0,0.0,0.0,0.0,0.0,0.0,0.0,0.0,0.0,0.0,171.0,5.021806382450946e-09,3.2561358962534627e-10,1.9863522278621673e-12,0.0,0.0,0.0,0.0,0.0,0.0,0.0,0.0,0.0,0.0,0.0,0.0,0.0,0.0,0.0,0.0,0.0,0.0,0.0,0.0,0.0,0.0,0.0,0.0,0.0,0.0,0.0,0.0,0.0,0.0,0.0,0.0,0.0,0.0,0.0,0.0,0.0,0.0,0.0,0.0,0.0,0.0,800
"(200.0, 400.0]","(1.0, 1.41]",4853263,6.495411996620995e-06,1.2104628591638697e-06,1.2360996833949844e-08,12046.0,5.688082152697119e-06,9.22344317754412e-07,1.0740598222923336e-08,1241.0,8.07301042019141e-07,2.8810269513563705e-07,1.6202465010570497e-09,13.0,2.8801904731853625e-11,1.584627382086522e-11,1.5210996945974533e-13,0.0,0.0,0.0,0.0,0.0,0.0,0.0,0.0,1173.0,8.071422531588026e-07,2.880675956369514e-07,1.6199924223077908e-09,1.0508394043347746e-05,2.359031439260556e-06,2.222616000822541e-08,7.41768991295135e-06,1.2020778597821718e-06,1.574721996314646e-08,3.090704130396395e-06,1.156953579478384e-06,6.4789400450789516e-09,0.0,0.0,0.0,0.0,0.0,0.0,0.0,0.0,0.0,3.090704130396395e-06,1.156953579478384e-06,6.4789400450789516e-09,7.41768991295135e-06,1.2020778597821718e-06,1.574721996314646e-08,7.41768991295135e-06,1.2020778597821718e-06,1.574721996314646e-08,0.0,0.0,0.0,0.0,0.0,0.0,0.0,0.0,0.0,0.0,0.0,0.0,0.0,0.0,0.0,13300
"(200.0, 400.0]","(1.41, 2.0]",4853263,7.323279095414679e-05,1.3308516424232264e-05,1.0643261054311832e-07,96154.0,5.366626801489032e-05,9.40567399776934e-06,7.877017762655499e-08,8890.0,1.9406637105806337e-05,3.773630930836091e-06,2.6572053233217874e-08,121.0,1.5714164353893162e-07,1.264810286654925e-07,1.0644531579660195e-09,35.0,2.7441899112318796e-09,2.730466961344607e-09,2.5926525379416756e-11,0.0,0.0,0.0,0.0,8639.0,1.814053370369494e-05,3.5593425533289906e-06,2.5136751068680653e-08,0.00021573114830166838,3.930592675484515e-05,3.1255497589971937e-07,0.0001600984739545333,2.8367306696546226e-05,2.3320382596203842e-07,5.522058046308226e-05,1.0608944951056641e-05,7.66721275974535e-08,4.1209388405285257e-07,3.296751072422822e-07,2.6790223402275952e-09,0.0,0.0,0.0,0.0,0.0,0.0,5.130568856458016e-05,9.96669663276027e-06,7.234394674263479e-08,7.2116429709249205e-06,8.445864153663214e-07,8.78369871980974e-09,7.2116429709249205e-06,8.445864153663214e-07,8.78369871980974e-09,0.0,0.0,0.0,0.0,0.0,0.0,0.0,0.0,0.0,0.0,0.0,0.0,0.0,0.0,0.0,105200
"(200.0, 400.0]","(2.0, 2.83]",9706523,0.0015205909019807117,0.0003288093298391227,2.678412298205051e-06,911356.0,0.0011430217609065933,0.00020791156610648642,1.6637112865309545e-06,87674.0,0.00034511964304208964,9.045251176398597e-05,7.353413840786806e-07,2685.0,2.535453447723511e-05,2.3461595622549323e-05,2.1029290968458535e-07,585.0,7.094963554794185e-06,6.983656346101011e-06,6.906671791083066e-08,0.0,0.0,0.0,0.0,85770.0,0.0003310100240176724,8.556848588818451e-05,6.933320941274284e-07,0.003948375746907518,0.0008317788975516777,6.739318425351694e-06,0.003089983921121909,0.0005658755457541285,4.532007403681009e-06,0.000796680747575625,0.0002080284567398645,1.6879179908191634e-06,5.099663391309121e-05,4.7340432820279695e-05,4.1606456812599116e-07,1.0714444296891894e-05,1.0534462237404678e-05,1.0332846272553003e-07,0.0,0.0,0.0,0.0007658767202220612,0.00019674717713026593,1.592904132612677e-06,9.272115256925677e-05,1.822186997341889e-05,1.3923713980794155e-07,6.892272340981422e-05,1.3396455146709067e-05,1.0165848265130576e-07,2.3489358650878383e-05,4.617307350943279e-06,3.560163613685354e-08,3.090705085641893e-07,2.081074757665541e-07,1.977021019782264e-09,0.0,0.0,0.0,0.0,0.0,0.0,2.3489358650878383e-05,4.617307350943279e-06,3.560163613685354e-08,1002300
"(200.0, 400.0]","(2.83, 4.0]",10860446,0.01111747640024864,0.0023265437967061693,1.8826539217248213e-05,3359573.0,0.00875454255668464,0.001605958903029636,1.2942591491392997e-05,286891.0,0.0021863138556238344,0.0005535498886948066,4.345426323098963e-06,8070.0,0.00013514206631453772,0.0001262854183042729,1.1181839671220627e-06,1766.0,4.147792162562742e-05,4.0749586677454426e-05,4.203374356341997e-07,1900.0,7.579577754639042e-05,1.343045377504809e-05,1.1714519033858483e-07,281303.0,0.002123896974767791,0.0005225194118497812,4.08976860234069e-06,0.02701528095623329,0.005519873677379365,4.488957860478291e-05,0.021960792402079987,0.0040301095369379885,3.263850384229158e-05,0.004719143210140725,0.0011717553772653533,9.269532531168614e-06,0.00026103900337057977,0.00024491839469576127,2.221483316615176e-06,7.430634064199575e-05,7.309036848026315e-05,7.600589147075544e-07,0.0001401415742963042,2.634007848296471e-05,2.269325311317784e-07,0.004592352837075014,0.0011091210250481426,8.74497184553931e-06,0.001310075111095806,0.00030055874316763803,2.3585283329984797e-06,0.0009525391498654844,0.00017337658140374713,1.37808394793363e-06,0.00032797916402328226,9.887678645978272e-05,7.475831471377881e-07,2.4400471214533915e-05,2.316194012658412e-05,1.842567883492077e-07,5.156325992505282e-06,5.143435177524016e-06,4.860444957785342e-08,9.916719810586046e-05,1.4994780140705098e-05,1.34616497333535e-07,0.0003159170442908146,9.313245514963208e-05,7.025736051723846e-07,3656300
"(200.0, 400.0]","(4.0, 5.66]",7127168,0.04964073791566824,0.009949589123008052,8.33374547315968e-05,4496814.0,0.04147464804339645,0.0077657510998557075,6.479729615012224e-05,341645.0,0.007752084136957125,0.0017881369360383756,1.4623536105593258e-05,6592.0,0.000330233463460821,0.0003124578577154104,3.035709742896494e-06,1349.0,8.377227185383771e-05,8.324322939856354e-05,8.809127329848427e-07,2900.0,0.0001900886197965948,3.5577951812642444e-05,3.1935552921231654e-07,336923.0,0.0075913313602049524,0.0017076553292911063,1.3918190368251735e-05,0.11328945802877104,0.02237684631539483,0.00018763414012409974,0.09687943373861818,0.018154548622959364,0.00015194522309562502,0.015732616377220236,0.003576215826538676,2.9313197401829165e-05,0.0005521127045132092,0.0005220565868518887,5.056292822057792e-06,0.000125295208419389,0.00012402527904491661,1.319426804587741e-06,0.00033898457283453975,6.39634143603743e-05,5.743382364495972e-07,0.015407662622797722,0.003409355020114582,2.7833839134983202e-05,0.011930545203929527,0.0024869939925647893,2.025915569830822e-05,0.009613215234999372,0.001826848195524505,1.4906291896023776e-05,0.0021848790431206327,0.0005341469430775311,4.229864779390635e-06,0.00010593267901079362,9.95559526588962e-05,8.789766426159731e-07,2.651824679872847e-05,2.644290130385589e-05,2.4402238027783267e-07,0.00029310379662721576,5.4343183716168924e-05,4.864820641242076e-07,0.0021360517950467844,0.0005081408211508414,4.022802423066215e-06,4846400
"(200.0, 400.0]","(5.66, 8.0]",10045915,0.15055001323478703,0.028937366978058113,0.0002474619513030271,8316757.0,0.13103114119396744,0.024048814420597656,0.00020595515486981938,601995.0,0.01878271045584457,0.004197436748948645,3.500561201792599e-05,11940.0,0.0006086828483269809,0.0005661541178835536,5.254527060897418e-06,2208.0,0.00012747873664781758,0.00012496169062828062,1.24665735438451e-06,15400.0,0.0007961950557580368,0.00013847191518563036,1.1464671231286633e-06,593560.0,0.018467277590925663,0.004033352248492685,3.3544855070850784e-05,0.3244026054371354,0.061346522939921336,0.0005271112469396762,0.28841802862158405,0.05260137687806437,0.000452521889414752,0.03485078263154725,0.0076815789303413436,6.448838643368973e-05,0.0009527255605885576,0.0008859599150500499,8.301400658874771e-06,0.0001810686234155873,0.00017760721646559817,1.7995704323598198e-06,0.0014315271431223537,0.00024968457328177656,2.0691517995125373e-06,0.03429035583120104,0.007390048790976239,6.187680441253982e-05,0.061998135560573625,0.012422272137480763,0.00010337292193891746,0.05219474781540556,0.009677285642970304,8.068682247460785e-05,0.009313238266499367,0.002287299663594607,1.8505761137736083e-05,0.0004062347730395887,0.0003754653508416105,3.398949612852588e-06,8.391470562910397e-05,8.222148007423912e-05,7.8138871372095e-07,0.0012673808209605593,0.00022025808500271,1.8124553711633025e-06,0.009092053834817435,0.0021737748129463576,1.7515040481628602e-05,8932900
"(200.0, 400.0]","(8.0, 11.31]",6725368,0.3142545066405795,0.05745775350618511,0.0005143736336796824,6134324.0,0.2824421194564919,0.04986051271586843,0.00044668255277965474,436188.0,0.030843740296431964,0.0066851459093446785,5.864394397615619e-05,8745.0,0.0007955875408835428,0.0007411846535871011,7.208115217832422e-06,1743.0,0.00017305934677126251,0.00017091022738490046,1.8390217060391038e-06,35300.0,0.002791799148600113,0.0005052569303999505,4.382534517800263e-06,430376.0,0.03043937288652424,0.006474351412134782,5.6706199954716686e-05,0.627318683527801,0.11311971419259143,0.0010212373395180755,0.5731525769296192,0.10046393996581307,0.0009077100850986886,0.05275518008828662,0.01133054295318859,0.00010030557361322088,0.001178374179673142,0.001095530831918788,1.0733816231319974e-05,0.00023255233022192987,0.00022970044167099874,2.4878645748455692e-06,0.005011472978132943,0.0009052581211912865,7.86224231893333e-06,0.05207150002795386,0.010976257210014386,9.703307823452935e-05,0.20776112177058564,0.04044869262172716,0.00034722938090525315,0.1808747119860207,0.03349618861005079,0.0002877944769118955,0.025875610078139964,0.005994791511780474,5.0351931879415376e-05,0.0008398053459676854,0.0007889306577721841,7.357675907102792e-06,0.00017099436045730137,0.00016878184212373227,1.7252962068395355e-06,0.004439905741960885,0.0008050253904321666,6.973572568817054e-06,0.02549585390717653,0.005787424271801934,4.847100127457712e-05,6581000
"(200.0, 400.0]","(11.31, 16.0]",7361293,0.44808389322698544,0.0794602879105843,0.0007511070225297217,6822314.0,0.40988476609806224,0.07095258194887717,0.0006715972766771341,484040.0,0.03723456252511498,0.0076095063292752575,7.021217382097301e-05,8585.0,0.0007662988708626797,0.0007031113005496732,7.171800831263937e-06,2061.0,0.00019826573294344139,0.00019508833188214538,2.125771200350146e-06,120800.0,0.009069063917970946,0.0018207777452879988,1.6322850268238156e-05,477567.0,0.03675230154469129,0.007373642684238346,6.791896799707012e-05,0.8367100725375284,0.14715499301549334,0.0014007232787500762,0.7744557919376391,0.13348706660636928,0.001272650632871153,0.06088291825906128,0.012392725299753715,0.00011486383317441648,0.0011106744426556585,0.001018709484869032,1.0411398242129477e-05,0.00026068789817223684,0.0002564916245012936,2.797414462377737e-06,0.016086576094715966,0.003200687705271343,2.8724535254879815e-05,0.06009963195324517,0.012010685079373955,0.00011113628935840482,0.48279072711818427,0.08878779448121407,0.0008031018316347407,0.4364309367933052,0.07811796894920503,0.0007064505869960614,0.04513432626577966,0.009527580820380332,8.496353162413178e-05,0.0009897717697149129,0.0009101661895539288,9.173897167250386e-06,0.0002356922893844872,0.00023207852207485845,2.5138158472974784e-06,0.01523034064803561,0.003040267246528565,2.7148839246040066e-05,0.04450848512618639,0.009217910087263203,8.20062179837156e-05,7317000
